quarter,avg_consumer_price_index,gdp,gdp_pct_change,avg_housing_starts,output_gap,recession_actual,avg_unemployment_rate,fed_funds_avg_rate,fed_funds_percent_change_prev_quarter,fed_funds_st_dev_rate,10YT_minus_2YT_avg,10YT_minus_2YT_percent_change_prev_quarter,real_disp_pers_inc,personal_consumption_exp_excl_food_energy,tot_public_debt_as_pct_of_gdp,gross_private_domestic_invest,M2_velocity,median_sls_price_houses_sold_US,personal_consumption_expenditures
1942Q1,,,,,,0.0,,,,,,,,,,,,,
1942Q2,,,,,,0.0,,,,,,,,,,,,,
1942Q3,,,,,,0.0,,,,,,,,,,,,,
1942Q4,,,,,,0.0,,,,,,,,,,,,,
1943Q1,,,,,,0.0,,,,,,,,,,,,,
1943Q2,,,,,,0.0,,,,,,,,,,,,,
1943Q3,,,,,,0.0,,,,,,,,,,,,,
1943Q4,,,,,,0.0,,,,,,,,,,,,,
1944Q1,,,,,,0.0,,,,,,,,,,,,,
1944Q2,,,,,,0.0,,,,,,,,,,,,,
1944Q3,,,,,,0.0,,,,,,,,,,,,,
1944Q4,,,,,,0.0,,,,,,,,,,,,,
1945Q1,,,,,,1.0,,,,,,,,,,,,,
1945Q2,,,,,,1.0,,,,,,,,,,,,,
1945Q3,,,,,,1.0,,,,,,,,,,,,,
1945Q4,,,,,,1.0,,,,,,,,,,,,,
1946Q1,,,,,,0.0,,,,,,,,,,,,,
1946Q2,,,,,,0.0,,,,,,,,,,,,,
1946Q3,,,,,,0.0,,,,,,,,,,,,,
1946Q4,,,,,,0.0,,,,,,,,,,,,,
1947Q1,21.7,243.164,,,,0.0,,,,,,,,,,,,,
1947Q2,22.01,245.968,4.7,,,0.0,,,,,,,,,,,,,
1947Q3,22.49,249.585,6.0,,,0.0,,,,,,,,,,,,,
1947Q4,23.126666666666665,259.745,17.3,,,0.0,,,,,,,,,,,,,
1948Q1,23.616666666666664,265.742,9.6,,,0.0,4.4,,,,,,,,,,,,
1948Q2,23.99333333333333,272.567,10.7,,,0.0,3.766666666666667,,,,,,,,,,,,
1948Q3,24.396666666666665,279.196,10.1,,,0.0,3.633333333333333,,,,,,,,,,,,
1948Q4,24.17333333333333,280.366,1.7,,,1.0,3.266666666666666,,,,,,,,,,,,
1949Q1,23.94333333333333,275.034,-7.4,,-0.06350562437704685,1.0,5.466666666666666,,,,,,,,,,,,
1949Q2,23.91666666666667,271.351,-5.2,,-1.6553404883535645,1.0,5.833333333333332,,,,,,,,,,,,
1949Q3,23.71666666666667,272.889,2.3,,-1.8952336881073577,1.0,6.400000000000001,,,,,,,,,,,,
1949Q4,23.66,270.627,-3.3,,-3.954175804093567,1.0,5.933333333333334,,,,,,,,,,,,
1950Q1,23.58666666666667,280.828,16.0,,-1.4536105723693111,0.0,7.533333333333334,,,,,,,,,,,,
1950Q2,23.766666666666666,290.383,14.3,,0.24072837362539515,0.0,5.633333333333333,,,,,,,,,,,,
1950Q3,24.20333333333333,308.153,26.8,,2.751175359198559,0.0,4.466666666666666,,,,,,,,,,,,
1950Q4,24.69333333333333,319.945,16.2,,3.3338102670829,0.0,3.6666666666666665,,,,,,,,,,,,
1951Q1,25.696666666666665,336.0,21.6,,3.312804721580703,0.0,4.133333333333334,,,,,,,,,,,,
1951Q2,25.94666666666667,344.09,10.0,,3.6183750052704817,0.0,3.1666666666666665,,,,,,,,,,,,
1951Q3,25.93333333333333,351.385,8.8,,4.250633858431357,0.0,3.0666666666666664,,,,,,,,,,,,
1951Q4,26.316666666666666,356.17800000000005,5.6,,3.0074171208457976,0.0,2.966666666666667,,,,,,,,,,,,
1952Q1,26.41666666666667,359.82,4.2,,2.656780345886536,0.0,3.6,,,,,,,,,,,,
1952Q2,26.486666666666668,361.03,1.4,,1.4593926835100024,0.0,3.0333333333333337,,,,,,,,,,,,
1952Q3,26.66666666666667,367.701,7.6,,0.8375997797963117,0.0,3.0333333333333337,,,,,,,,,,,,
1952Q4,26.69666666666667,380.812,15.0,,2.8510795278036656,0.0,2.466666666666667,,,,,,,,,,,,
1953Q1,26.62,387.98,7.7,,3.588350483796652,0.0,3.1666666666666665,,,,,,,,,,,,
1953Q2,26.72,391.749,3.9,,3.3611755313082163,0.0,2.6666666666666665,,,,,,,,,,,,
1953Q3,26.84333333333333,391.171,-0.6,,1.8617558402411447,1.0,2.5666666666666664,,,,,,,,,,,,
1953Q4,26.89,385.97,-5.2,,-0.49028255344595595,1.0,3.3000000000000003,,,,,,,,,,,,
1954Q1,26.95333333333333,385.345,-0.6,,-1.6715526198604718,1.0,6.133333333333333,,,,,,,,,,,,
1954Q2,26.91,386.121,0.8,,-2.203104261908273,1.0,5.833333333333332,,,,,,,,,,,,
1954Q3,26.84,390.996,5.1,,-1.6966176847814138,0.0,5.466666666666668,,,,,,,,,,,,
1954Q4,26.756666666666664,399.734,9.2,,-0.3609836065573769,0.0,4.766666666666667,0.9883695652173908,-0.038998097653772566,0.436573262544833,,,,,,,,,
1955Q1,26.79333333333333,413.073,14.0,,1.8578514790542744,0.0,5.566666666666666,1.344999999999999,0.3608270097877484,0.19593194186425197,,,,,,,,,
1955Q2,26.75666666666667,421.532,8.4,,2.8894087163061863,0.0,4.500000000000001,1.5010989010989002,0.11605866252706412,0.2687892629694644,,,,,,,,,
1955Q3,26.77666666666667,430.221,8.5,,3.6485191014451277,0.0,3.766666666666667,1.936521739130434,0.2900693869756194,0.2165180741769467,,,,,,,,,
1955Q4,26.85666666666667,437.092,6.5,,3.629457143872872,0.0,3.7,2.3590217391304344,0.21817467444993288,0.12685597771747478,,,,,,,,,
1956Q1,26.86,439.746,2.5,,2.5778429363761615,0.0,4.733333333333333,2.4823076923076917,0.052261473954327536,0.1314709678393498,,,,,,,,,
1956Q2,27.036666666666665,446.01,5.8,,2.7719661600028083,0.0,4.333333333333333,2.6945054945054943,0.08548408517419982,0.12063041569893215,,,,,,,,,
1956Q3,27.316666666666666,451.191,4.7,,2.0064516129032257,0.0,3.833333333333334,2.808586956521739,0.04233855237960151,0.1951476280949249,,,,,,,,,
1956Q4,27.55,460.463,8.5,,2.9743705191701597,0.0,3.6666666666666665,2.9298913043478256,0.04319052594914646,0.25454330819672016,,,,,,,,,
1957Q1,27.77666666666667,469.779,8.3,,2.8784253051401065,0.0,4.633333333333334,2.9330000000000003,0.0010610276386572698,0.2507223272731379,,,,,,,,,
1957Q2,28.013333333333332,472.025,1.9,,1.8302523874488403,0.0,4.166666666666667,3.0,0.02284350494374351,0.0,,,,,,,,,
1957Q3,28.263333333333332,479.49,6.5,,1.9690533364900056,1.0,3.8333333333333335,3.230760869565217,0.07692028985507228,0.25542997016946545,,,,,,,,,
1957Q4,28.4,474.864,-3.8,,0.0344318905689476,1.0,4.4,3.252717391304348,0.006796083840796828,0.26074324561487594,,,,,,,,,
1958Q1,28.736666666666668,467.54,-6.0,,-3.449254177602073,1.0,7.399999999999999,1.869777777777777,-0.4251643924626381,0.9317447422278072,,,,,,,,,
1958Q2,28.930000000000003,471.978,3.9,,-3.7102465356637366,1.0,7.399999999999999,0.936923076923077,-0.4989120696275438,0.5706890422164971,,,,,,,,,
1958Q3,28.91333333333333,485.841,12.3,,-2.4010173802458668,0.0,6.7,1.318913043478261,0.4077068608552867,0.5892096709249728,,,,,,,,,
1958Q4,28.94333333333333,499.555,11.8,,-1.056754312294076,0.0,5.7,2.1633695652173914,0.640267018295698,0.4377572139944749,,,,,,,,,
1959Q1,28.993333333333336,510.33,8.9,1648.0,-0.08206112978076492,0.0,6.8,2.5769999999999995,0.19119730693865214,0.2366025919487235,,,,,,,,,
1959Q2,29.04333333333333,522.653,10.0,1530.333333333333,1.2297057331303909,0.0,5.166666666666667,3.0796703296703303,0.1950602753862361,0.3413191746720057,,,,,,,,,
1959Q3,29.19333333333333,525.034,1.8,1505.666666666667,0.3566424779317061,0.0,4.9,3.573369565217391,0.1603091184113562,0.2300801445359834,,,,,,,,,
1959Q4,29.37,528.6,2.7,1457.333333333333,-0.3031274311498367,0.0,5.033333333333333,3.991847826086957,0.11711026615969587,0.044645843187283166,,,,,,,,,
1960Q1,29.396666666666665,542.648,11.1,1357.3333333333333,0.9571609085585726,0.0,5.966666666666666,3.931318681318681,-0.015163189431399153,0.2912280846927324,,,,,,,,,
1960Q2,29.57333333333333,541.08,-1.2,1269.0,-0.5649758896417018,1.0,5.266666666666667,3.695054945054945,-0.060097833682739236,0.5372282230245945,,,,,,,,,
1960Q3,29.59,545.604,3.4,1212.6666666666667,-1.056844968268359,1.0,5.133333333333333,2.9375,-0.20501858736059486,0.6085753946628234,,,,,,,,,
1960Q4,29.78,540.197,-3.9,1185.0,-3.2911729503291434,1.0,5.666666666666668,2.296195652173913,-0.2183163737280296,0.7309197012334653,,,,,,,,,
1961Q1,29.84,545.018,3.6,1240.3333333333333,-3.596053567196018,1.0,7.833333333333332,1.9875555555555555,-0.13441367521367525,0.7536090112403923,,,,,,,,,
1961Q2,29.83,555.545,8.0,1258.6666666666667,-2.9145933575871377,0.0,6.966666666666666,1.7335164835164836,-0.1278148282844168,0.8180279452254178,,,,,,,,,
1961Q3,29.94666666666667,567.664,9.0,1358.6666666666667,-2.0196682257923944,0.0,6.300000000000002,1.6793478260869563,-0.03124784675807898,0.6837257408322,,,,,,,,,
1961Q4,29.99,580.612,9.4,1388.333333333333,-1.083851110344034,0.0,5.633333333333333,2.3967391304347827,0.4271844660194175,0.5461556126025415,,,,,,,,,
1962Q1,30.106666666666666,594.013,9.6,1360.6666666666667,-0.32028023808845724,0.0,6.466666666666666,2.458333333333333,0.025699168556311432,0.5832998920323436,,,,,,,,,
1962Q2,30.22,600.366,4.3,1470.333333333333,-0.44305688673394605,0.0,5.5,2.607142857142857,0.06053268765133168,0.416904693916396,,,,,,,,,
1962Q3,30.30666666666667,609.0269999999998,5.9,1430.333333333333,-0.2630771376761054,0.0,5.166666666666667,2.845108695652174,0.09127456819535433,0.239741135876276,,,,,,,,,
1962Q4,30.38,612.28,2.2,1573.0,-0.9792949231151478,0.0,5.033333333333334,2.924021739130433,0.02773638968481333,0.1005595311367188,,,,,,,,,
1963Q1,30.47666666666667,621.672,6.3,1411.333333333333,-0.964657362139131,0.0,6.6000000000000005,2.9656666666666665,0.014242345389886744,0.1322752492835817,,,,,,,,,
1963Q2,30.53333333333333,629.752,5.3,1639.333333333333,-0.9222600518806744,0.0,5.7666666666666675,2.9645054945054943,-0.0003915383256734321,0.17889949839233904,,,,,,,,,
1963Q3,30.72,644.444,9.7,1672.0,0.17584943994439547,0.0,5.2,3.3265217391304343,0.12211690796185468,0.3701274944658661,,,,,,,,,
1963Q4,30.80333333333333,653.938,6.0,1630.666666666667,-0.24477004046441514,0.0,5.1000000000000005,3.451304347826087,0.037511436413540884,0.198606228067104,,,,,,,,,
1964Q1,30.930000000000003,669.822,10.1,1646.666666666667,0.7841628722457737,0.0,6.166666666666668,3.4643956043956043,0.0037931330448337064,0.17601899386908856,,,,,,,,,
1964Q2,30.98,678.674,5.4,1488.333333333333,0.8103573278094252,0.0,5.333333333333333,3.4879120879120875,0.006788047960413526,0.04517906308399667,,,,,,,,,
1964Q3,31.05,692.0310000000002,8.1,1528.666666666667,1.3071917194025262,0.0,4.733333333333333,3.4565217391304346,-0.00899975343141278,0.2332542582092905,,,,,,,,,
1964Q4,31.19333333333333,697.319,3.1,1498.0,0.548457423885213,0.0,4.533333333333334,3.5751086956521734,0.034308176100628834,0.4497777096026691,,,,,,,,,
1965Q1,31.290000000000006,717.79,12.3,1405.666666666667,1.88124796228024,0.0,5.433333333333333,3.977222222222221,0.1124758883720301,0.2532220581556419,,,,,,,,,
1965Q2,31.49,730.191,7.1,1468.0,2.0700957768845214,0.0,4.766666666666667,4.079450549450547,0.025703448667549374,0.2267027551533929,,,,,,,,,
1965Q3,31.58333333333333,749.323,10.9,1481.0,3.220157588551511,0.0,4.166666666666667,4.077499999999998,-0.0004781402365109367,0.3322306394693265,,,,,,,,,
1965Q4,31.75,771.857,12.6,1522.666666666667,4.4523138930704595,0.0,3.733333333333333,4.170760869565215,0.022872071015381263,0.4008184859406597,,,,,,,,,
1966Q1,32.04666666666666,795.7339999999998,13.0,1380.666666666667,5.820738179285834,0.0,4.2,4.5589999999999975,0.09308592426572154,0.4060222222290551,,,,,,,,,
1966Q2,32.336666666666666,804.9810000000001,4.7,1270.3333333333333,4.9847333681561325,0.0,3.966666666666667,4.913736263736261,0.07781010391231957,0.3602056460525112,,,,,,,,,
1966Q3,32.61666666666667,819.638,7.5,1083.6666666666667,4.668567941224797,0.0,3.6,5.410652173913043,0.10112791641750413,0.6105029530718975,,,,,,,,,
1966Q4,32.88333333333333,833.302,6.8,931.3333333333335,4.315211842776927,0.0,3.3666666666666667,5.559782608695652,0.027562376953674625,0.4049310842488167,,,,,,,,,
1967Q1,32.96666666666667,844.17,5.3,1082.0,4.02015916336032,0.0,4.1000000000000005,4.8194444444444455,-0.1331595525143912,0.4814359633082487,,,,,,,,,
1967Q2,33.166666666666664,848.9830000000002,2.3,1214.3333333333333,2.8828890097932534,0.0,3.766666666666667,3.9923076923076923,-0.17162491686987374,0.2086628163812874,,,,,,,,,
1967Q3,33.5,865.2330000000002,7.9,1397.333333333333,2.6623865546218486,0.0,3.8333333333333335,3.8918478260869565,-0.02516335762754464,0.2728640499872453,,,,,,,,,
1967Q4,33.86666666666667,881.439,7.7,1445.666666666667,2.2518497186655444,0.0,3.6666666666666665,4.172826086956522,0.07219662058371726,0.37990839291110656,,,,,,,,,
1968Q1,34.2,909.387,13.3,1455.333333333333,3.1626292272647625,0.0,4.0,4.792637362637363,0.14853513248928732,0.3652087231671931,,,,,,,,,
1968Q2,34.53333333333334,934.344,11.4,1455.666666666667,3.6826744034988965,0.0,3.533333333333333,5.984285714285713,0.24864146011510305,0.3399612489588346,,,,,,,,,
1968Q3,35.0,950.825,7.2,1521.0,3.3029861928716686,0.0,3.6,5.946521739130433,-0.006310523420552742,0.22403117317727034,,,,,,,,,
1968Q4,35.43333333333333,968.03,7.4,1582.333333333333,2.556710414902625,0.0,3.2,5.918152173913042,-0.004770783066461853,0.5250827864561786,,,,,,,,,
1969Q1,35.86666666666667,993.337,10.9,1678.333333333333,3.0320574563423928,0.0,3.633333333333333,6.567444444444442,0.10971199311052733,0.47558021597068295,,,,,,,,,
1969Q2,36.43333333333333,1009.02,6.5,1545.0,2.2808828100714957,1.0,3.4,8.332527472527474,0.2687625366326708,1.0379548196189496,,,,,,,,,
1969Q3,36.93333333333333,1029.956,8.6,1411.0,1.940331582403152,1.0,3.6666666666666665,8.98108695652174,0.07783466494801036,1.0719238702278544,,,,,,,,,
1969Q4,37.5,1038.147,3.2,1312.3333333333333,0.4946540369135702,1.0,3.333333333333333,8.941630434782608,-0.004393290247621921,0.9128716640949599,,,,,,,,,
1970Q1,38.1,1051.2,5.1,1236.3333333333333,-0.5140162431228714,1.0,4.5,8.55888888888889,-0.042804446983725535,0.9140408424533938,,,,,,,,,
1970Q2,38.63333333333333,1067.375,6.3,1313.0,-1.1675329868052782,1.0,4.666666666666666,7.883296703296702,-0.07893456666661927,0.528309789054901,,,,,,,,,
1970Q3,39.033333333333346,1086.059,7.2,1483.333333333333,-1.0166058249345291,1.0,5.166666666666667,6.711086956521737,-0.1486953733816413,0.5585036061385437,,,,,,,,,
1970Q4,39.6,1088.608,0.9,1706.666666666667,-2.798593879239041,1.0,5.4,5.568260869565217,-0.17028926824527876,0.6879474307408757,,,,,,,,,
1971Q1,39.93333333333333,1135.156,18.2,1826.333333333333,-0.8866688823287912,0.0,6.5,3.862777777777776,-0.30628649262989865,0.5455108476408905,,,,,,,,,
1971Q2,40.3,1156.271,7.7,2020.333333333333,-1.065992507909396,0.0,5.833333333333332,4.567252747252747,0.18237522580971455,0.3582986523808375,,,,,,,,,
1971Q3,40.7,1177.675,7.6,2094.0,-0.9592013721598026,0.0,5.966666666666668,5.475543478260867,0.19887025773961595,0.19234449480625745,,,,,,,,,
1971Q4,41.0,1190.297,4.4,2201.6666666666665,-1.4304439341752777,0.0,5.533333333333334,4.747608695652173,-0.13294292803970226,0.5543125027390111,,,,,,,,,
1972Q1,41.333333333333336,1230.609,14.3,2406.0,-0.34433236450675325,0.0,6.333333333333332,3.5490109890109878,-0.25246345760105565,0.328484922519047,,,,,,,,,
1972Q2,41.6,1266.369,12.1,2241.333333333333,1.1852627211346234,0.0,5.6000000000000005,4.301428571428572,0.2120076789695322,0.21363817505602734,,,,,,,,,
1972Q3,41.93333333333333,1290.566,7.9,2371.6666666666665,1.3969407050982008,0.0,5.6000000000000005,4.74141304347826,0.1022879875240061,0.2679535039284968,,,,,,,,,
1972Q4,42.36666666666667,1328.904,12.4,2424.0,2.328445856795079,0.0,4.933333333333334,5.145543478260869,0.08523417619953708,0.3006380180035241,,,,,,,,,
1973Q1,43.03333333333333,1377.49,15.4,2378.333333333333,4.054529025595634,0.0,5.433333333333334,6.5382222222222195,0.2706572687307386,0.6280423977990727,,,,,,,,,
1973Q2,43.93333333333334,1413.8870000000004,11.0,2139.0,4.338802612083631,0.0,4.866666666666666,7.818461538461538,0.1958084740356512,0.6497109153341003,,,,,,,,,
1973Q3,44.8,1433.838,5.8,2016.0,2.9296520698037223,0.0,4.8,10.557717391304351,0.35035739951747913,0.6991330632531834,,,,,,,,,
1973Q4,45.93333333333334,1476.289,12.4,1642.333333333333,3.020863309352518,1.0,4.466666666666667,9.996739130434785,-0.05313442670208285,0.6174355128415576,,,,,,,,,
1974Q1,47.29999999999999,1491.2089999999996,4.1,1586.0,1.2356580026384285,1.0,5.6000000000000005,9.33377777777778,-0.06631776062242503,0.3792173423764416,,,,,,,,,
1974Q2,48.56666666666666,1530.056,10.8,1515.333333333333,0.5548685698134539,1.0,5.066666666666666,11.25131868131868,0.2054410281875636,0.7986449757644493,,,,,,,,,
1974Q3,49.93333333333333,1560.026,8.1,1202.6666666666667,-1.3021460579750737,1.0,5.566666666666666,12.098586956521745,0.07530390874181159,0.8313402148308655,,,,,,,,,
1974Q4,51.46666666666667,1599.679,10.6,1023.6666666666665,-2.5720580072162087,1.0,6.133333333333333,9.344347826086953,-0.2276496536605968,0.8989509201332446,,,,,,,,,
1975Q1,52.56666666666666,1616.116,4.2,976.3333333333335,-4.5954534511813465,1.0,9.066666666666668,6.305333333333333,-0.3252248898815062,0.894418648676963,,,,,,,,,
1975Q2,53.2,1651.8529999999996,9.1,1071.0,-4.716595048086762,0.0,8.666666666666666,5.41846153846154,-0.14065422841062478,0.3717762860076027,,,,,,,,,
1975Q3,54.26666666666667,1709.82,14.8,1250.0,-3.8757230321685885,0.0,8.333333333333334,6.155869565217388,0.13609177097992642,0.21039550497597304,,,,,,,,,
1975Q4,55.26666666666666,1761.831,12.7,1341.6666666666667,-3.3610388738821877,0.0,7.8,5.411195652173912,-0.1209697354945788,0.4054893730164084,,,,,,,,,
1976Q1,55.9,1820.487,14.0,1442.0,-1.9511545440924298,0.0,8.533333333333333,4.826483516483517,-0.10805599598962794,0.17941493574872494,,,,,,,,,
1976Q2,56.4,1852.332,7.2,1449.666666666667,-1.9856432453865087,0.0,7.399999999999999,5.195384615384616,0.07643268595888092,0.3383269545944101,,,,,,,,,
1976Q3,57.3,1886.558,7.6,1557.0,-2.1991507361379807,0.0,7.599999999999999,5.283478260869566,0.016956135494585942,0.10061825127306627,1.096666666666667,0.3708333333333333,3.2,6.0,33.64333,328.30699999999996,1.7169999999999999,44400.0,1158.806
1976Q4,58.13333333333333,1934.273,10.5,1691.333333333333,-2.246705495721212,0.0,7.333333333333332,4.874239130434785,-0.07745638578011797,0.21194148941511803,1.4666666666666668,0.3373860182370821,2.6,6.0,33.78753,337.65,1.699,45500.0,1192.4080000000001
1977Q1,59.2,1988.648,11.7,1844.333333333333,-1.8771748603892957,0.0,8.233333333333334,4.66066666666667,-0.04381657486489874,0.14825426079103635,1.3266666666666669,-0.09545454545454538,0.9,6.2,33.65136,360.31300000000005,1.689,46300.0,1228.212
1977Q2,60.23333333333333,2055.909,14.2,1918.666666666667,-0.7766962313086355,0.0,6.933333333333334,5.157472527472528,0.10659545003701723,0.3328349387595848,1.2566666666666666,-0.0527638190954776,3.8,6.5,32.80422,389.70300000000003,1.7009999999999998,48900.0,1255.98
1977Q3,61.06666666666666,2118.473,12.7,2009.0,0.1860014608275906,0.0,6.8,5.816413043478257,0.12776423189764416,0.3443087724949932,0.8266666666666667,-0.3421750663129973,5.7,6.6,32.98791,414.134,1.713,48800.0,1286.905
1977Q4,61.96666666666666,2164.27,8.9,2075.333333333333,-0.6447894687116177,0.0,6.3,6.511304347826085,0.11947076302068756,0.15429540236079525,0.4533333333333333,-0.4516129032258065,7.9,6.5,33.21873,422.29900000000004,1.715,51600.0,1324.8039999999999
1978Q1,63.03333333333333,2202.76,7.3,1829.333333333333,-1.1695942042562493,0.0,6.866666666666667,6.759555555555551,0.03812618708451994,0.10949230244465466,0.4633333333333333,0.022058823529411787,3.2,6.4,33.5012,434.79900000000004,1.713,53000.0,1354.0529999999999
1978Q2,64.46666666666667,2331.633,25.5,2114.0,1.7376704167375931,0.0,5.833333333333332,7.2826373626373675,0.07738405325360555,0.3338523797689798,0.3233333333333333,-0.30215827338129503,4.3,6.6,32.12444,470.584,1.78,55300.0,1411.385
1978Q3,65.96666666666667,2395.053,11.3,2019.333333333333,1.848113496932516,0.0,6.0,8.094782608695649,0.11151801272227133,0.35298874078756315,0.013333333333333336,-0.958762886597938,3.1,6.6,32.21407,492.36800000000005,1.795,56100.0,1442.217
1978Q4,67.5,2476.949,14.4,2039.666666666667,2.3147852527556063,0.0,5.566666666666666,9.577826086956527,0.1832097969706749,0.5581520256234812,-0.5099999999999999,-39.24999999999999,2.7,7.0,31.862059999999996,515.755,1.8219999999999998,59000.0,1481.354
1979Q1,69.2,2526.61,8.3,1665.666666666667,1.6257763038890565,0.0,6.3,10.073222222222224,0.05172323351541594,0.30247602849685634,-0.6833333333333332,0.3398692810457517,4.9,6.8,31.536009999999997,525.809,1.8319999999999999,60600.0,1517.141
1979Q2,71.39999999999998,2591.2470000000008,10.6,1845.666666666667,0.9145322148955576,1.0,5.566666666666666,10.181978021978011,0.01079652541724596,0.20250223472138665,-0.48,-0.29756097560975603,-3.6,7.3,31.06277,539.293,1.835,63100.0,1557.635
1979Q3,73.7,2667.565,12.3,1790.0,0.88731934593584,1.0,5.833333333333332,10.940108695652173,0.07445809370612634,0.5146864927872323,-0.45,-0.06249999999999994,1.8,7.4,30.98402,545.621,1.8459999999999999,64700.0,1611.8670000000002
1979Q4,76.03333333333333,2723.883,8.7,1567.666666666667,0.4169625362777885,1.0,5.633333333333333,13.580217391304348,0.2413238084829461,1.1877478718847472,-1.1166666666666665,1.4814814814814812,0.7,7.7,31.02615,547.875,1.857,62600.0,1655.035
1980Q1,79.03333333333333,2789.842,10.0,1246.0,0.09868392159159116,1.0,6.766666666666667,15.065274725274724,0.10935445959217753,1.8827493729822895,-1.28,0.14626865671641814,1.4,8.9,30.949820000000003,554.562,1.869,63700.0,1702.3020000000001
1980Q2,81.7,2797.3520000000008,1.1,1058.0,-2.4806250091013675,1.0,7.2,12.668901098901095,-0.15906604227756166,3.840457857700892,0.25,-1.1953125,-3.5,8.9,31.37303,519.294,1.847,64000.0,1704.723
1980Q3,83.23333333333333,2856.483,8.7,1392.0,-3.084834171291132,0.0,7.566666666666666,9.823152173913048,-0.22462476443476925,1.0593061479337151,0.5766666666666667,1.3066666666666666,4.6,9.3,31.776870000000002,495.07099999999997,1.831,64900.0,1763.771
1980Q4,85.56666666666669,2985.557,19.3,1505.0,-1.7684755341541478,0.0,7.033333333333334,15.852826086956524,0.6138227125358233,2.859342245921604,-0.8033333333333333,-2.3930635838150294,5.6,9.7,31.156999999999996,551.472,1.874,66400.0,1831.874
1981Q1,87.93333333333332,3124.206,19.9,1366.3333333333333,-0.3736931924108359,0.0,7.966666666666666,16.595555555555567,0.04685154965587785,2.1816034259495614,-0.6233333333333333,-0.22406639004149384,-0.6,9.4,30.872840000000004,619.381,1.9280000000000002,66800.0,1885.734
1981Q2,89.76666666666668,3162.532,5.0,1181.6666666666667,-1.7138601442458452,1.0,7.2666666666666675,17.78692307692307,0.07178834823451766,1.8249332969896572,-0.9566666666666668,0.5347593582887702,0.5,9.1,30.70875,609.8430000000001,1.9,69400.0,1917.524
1981Q3,92.26666666666664,3260.609000000001,13.0,964.0,-1.1861538679392232,1.0,7.2666666666666675,17.59434782608697,-0.010826788309775322,1.6690276858545712,-1.1833333333333331,0.2369337979094077,8.9,8.7,30.60333,652.297,1.925,69200.0,1958.099
1981Q4,93.76666666666664,3280.818,2.5,873.3333333333335,-2.9444561625536103,1.0,7.900000000000001,13.58836956521739,-0.22768552153606694,1.3701842959170958,0.18333333333333332,-1.1549295774647887,0.4,8.0,31.35587,643.395,1.8880000000000001,70400.0,1974.4470000000001
1982Q1,94.6,3274.302,-0.8,880.0,-5.211996931017646,1.0,9.5,14.207444444444453,0.045559172957124375,1.0709772510001332,-0.2333333333333333,-2.2727272727272725,1.0,7.2,32.41298,588.318,1.8419999999999999,66400.0,2014.155
1982Q2,95.96666666666664,3331.972,7.2,948.0,-5.555580153305477,1.0,9.366666666666664,14.514175824175815,0.021589482959498852,0.7514608970887834,-0.22,-0.05714285714285704,2.4,6.6,32.40213,593.621,1.8359999999999999,69600.0,2039.645
1982Q3,97.63333333333333,3366.322,4.2,1118.6666666666667,-6.700223652255047,0.0,9.7,11.012717391304346,-0.2412440413625965,1.4786533101313346,0.4833333333333334,-3.196969696969697,1.9,6.3,33.9253,592.9540000000001,1.825,69300.0,2085.6710000000003
1982Q4,97.93333333333334,3402.561,4.4,1282.6666666666667,-7.446501945631173,0.0,10.266666666666667,9.283913043478263,-0.15698253994887298,0.600829017973491,0.7833333333333333,0.6206896551724136,1.3,5.9,35.18156,549.242,1.804,71600.0,2145.554
1983Q1,98.0,3473.413,8.6,1630.333333333333,-6.972289335510952,0.0,11.166666666666664,8.657555555555557,-0.06746697055318814,0.5051739295788055,1.02,0.3021276595744681,3.8,5.8,35.82911,565.52,1.745,73300.0,2184.589
1983Q2,99.13333333333333,3578.848,12.7,1660.333333333333,-5.605790347635118,0.0,10.0,8.802747252747249,0.016770518682784983,0.2772686861113673,0.7966666666666667,-0.21895424836601304,2.8,5.2,36.87167,613.783,1.7530000000000001,74900.0,2249.438
1983Q3,100.09999999999998,3689.179,12.9,1801.666666666667,-4.482404049260691,0.0,9.133333333333336,9.458152173913042,0.07445458813568114,0.2345860480746163,0.7766666666666667,-0.025104602510460268,6.1,5.1,37.3311,652.269,1.7790000000000001,77400.0,2319.895
1983Q4,101.09999999999998,3794.706,11.9,1729.333333333333,-3.2761019964419846,0.0,8.166666666666666,9.43010869565217,-0.0029650060334430552,0.3136123966111189,0.9966666666666668,0.28326180257510725,9.2,4.5,37.17553,718.4960000000001,1.797,75900.0,2372.496
1984Q1,102.53333333333336,3908.054,12.5,1940.0,-2.207558511819976,0.0,8.433333333333335,9.688571428571429,0.027408245361840573,0.28461112427923924,1.03,0.0334448160535117,8.2,4.2,37.45447,790.872,1.8119999999999998,78200.0,2418.165
1984Q2,103.5,4009.601,10.8,1822.666666666667,-1.3813687769616416,0.0,7.400000000000001,10.554725274725273,0.0893995417734724,0.6040683196448334,0.8433333333333333,-0.18122977346278327,6.8,4.6,37.72687,818.8939999999999,1.82,80700.0,2475.876
1984Q3,104.4,4084.25,7.7,1672.0,-1.311484039957885,0.0,7.3,11.392282608695648,0.07935377872657855,0.33684738534371844,0.3633333333333333,-0.5691699604743082,5.4,4.0,38.49586,838.852,1.829,81000.0,2513.5229999999997
1984Q4,105.3,4148.551,6.4,1630.333333333333,-1.3964931478960159,0.0,6.966666666666666,9.262499999999996,-0.18694959402341413,0.8672004027106625,0.9333333333333332,1.5688073394495408,3.3,3.9,40.08547,831.7410000000001,1.818,79900.0,2561.797
1985Q1,106.26666666666668,4230.168,8.1,1714.333333333333,-1.355972162686906,0.0,7.7666666666666675,8.475111111111111,-0.08500824711350981,0.26836267781017525,1.3133333333333332,0.4071428571428572,-1.0,4.3,40.44121,809.865,1.7990000000000002,82800.0,2636.008
1985Q2,107.23333333333332,4294.887,6.3,1725.666666666667,-1.4097426929802648,0.0,7.2,7.9243956043956025,-0.06498032881167827,0.4621067909073458,1.4233333333333331,0.08375634517766489,8.0,3.9,41.319829999999996,827.04,1.795,84300.0,2681.764
1985Q3,107.90000000000002,4386.773,8.8,1701.0,-0.8343666085062676,0.0,7.066666666666667,7.900978260869565,-0.0029550952142077124,0.2789543260208262,1.4399999999999995,0.011709601873536259,-1.2,4.0,41.559090000000005,822.1569999999999,1.795,83200.0,2754.1479999999997
1985Q4,109.0,4444.094,5.3,1824.666666666667,-1.0207932323913445,0.0,6.7333333333333325,8.104456521739133,0.025753552807165042,0.6510032226426113,1.2300000000000002,-0.14583333333333304,4.3,4.0,43.78715,859.545,1.7919999999999998,86800.0,2779.4
1986Q1,109.56666666666668,4507.894,5.9,1898.666666666667,-0.9986514069106284,0.0,7.533333333333334,7.826888888888884,-0.034248765738419416,0.672101591512294,0.7833333333333333,-0.3631436314363145,5.4,3.7,44.07415,863.457,1.7919999999999998,88000.0,2823.6479999999997
1986Q2,109.03333333333336,4545.34,3.4,1878.0,-1.440077544582114,0.0,7.1000000000000005,6.918461538461544,-0.1160649350365698,0.17414504221049684,0.62,-0.20851063829787236,5.2,3.6,45.30682,855.237,1.76,92100.0,2851.4559999999997
1986Q3,109.7,4607.669,5.6,1758.666666666667,-1.3744330930443502,0.0,6.833333333333332,6.209456521739129,-0.1024801558526952,0.3624712618557301,0.8566666666666668,0.3817204301075271,2.6,3.2,46.12536,835.832,1.7409999999999999,93000.0,2917.2009999999996
1986Q4,110.46666666666668,4657.627,4.4,1712.333333333333,-1.708142066158724,0.0,6.5,6.266739130434782,0.009225059954137523,1.4068889446675623,0.9866666666666668,0.15175097276264576,0.6,3.3,47.552859999999995,842.063,1.7209999999999999,95000.0,2952.8070000000002
1987Q1,111.8,4722.156,5.7,1761.333333333333,-1.8259125457445808,0.0,7.133333333333333,6.222555555555558,-0.007050488932058035,0.8834922548017221,0.8433333333333333,-0.14527027027027034,3.7,2.8,47.57835,871.196,1.7180000000000002,97900.0,2983.513
1987Q2,113.06666666666666,4806.16,7.3,1612.0,-1.6080362853986159,0.0,6.2,6.649999999999999,0.06869274860275296,0.3301245556183642,0.8933333333333334,0.059288537549407314,-3.7,3.1,48.04867,874.5880000000001,1.734,103400.0,3053.33
1987Q3,114.26666666666668,4884.555,6.7,1625.0,-1.5841886748933225,0.0,5.866666666666666,6.839565217391304,0.028506047728015783,0.3526630650609648,1.0333333333333334,0.15671641791044774,7.4,3.3,48.1165,876.466,1.751,106000.0,3117.3579999999997
1987Q4,115.33333333333331,5007.9940000000015,10.5,1523.666666666667,-0.7232655488711485,0.0,5.566666666666667,6.91967391304348,0.011712542114296908,0.3998226284954958,1.14,0.1032258064516127,5.5,3.6,48.556670000000004,946.459,1.776,111500.0,3150.9159999999997
1988Q1,116.23333333333332,5073.372,5.3,1425.333333333333,-1.0276555197604251,0.0,6.133333333333333,6.665934065934071,-0.03666933591062925,0.2115024455964629,1.0566666666666669,-0.07309941520467811,6.0,3.9,49.03151,908.569,1.768,110000.0,3231.8959999999997
1988Q2,117.56666666666666,5190.036,9.5,1490.666666666667,-0.5396169944641972,0.0,5.4,7.154945054945049,0.0733597098582248,0.3480944112876845,1.0366666666666666,-0.018927444794952904,4.2,4.2,49.08744,934.525,1.774,110000.0,3291.716
1988Q3,119.0,5282.835,7.3,1484.0,-0.7596964116301133,0.0,5.366666666666667,7.983478260869564,0.11579868182941305,0.2428423030231781,0.6433333333333334,-0.3794212218649517,3.9,4.4,49.25732,942.0089999999999,1.79,115000.0,3361.8990000000003
1988Q4,120.3,5399.509,9.1,1551.333333333333,-0.23460043627022176,0.0,5.066666666666666,8.468478260869563,0.0607504629125367,0.2990899558995898,0.2533333333333333,-0.6062176165803109,3.8,4.5,49.71548,962.748,1.8130000000000002,113900.0,3434.539
1989Q1,121.66666666666669,5511.2530000000015,8.5,1489.333333333333,-0.010898104916231804,0.0,5.6000000000000005,9.446444444444444,0.11548310728903713,0.3632107479696853,-0.20333333333333334,-1.8026315789473688,4.6,4.7,49.73276,1005.487,1.84,118000.0,3490.172
1989Q2,123.63333333333333,5612.463000000002,7.6,1355.6666666666667,-0.03404148635833488,0.0,5.2,9.725714285714293,0.029563487395947288,0.21900858865524395,-0.18666666666666668,-0.0819672131147542,-1.2,4.3,49.8876,1001.047,1.861,118900.0,3553.7670000000003
1989Q3,124.6,5695.365,6.0,1346.0,-0.06897558759585952,0.0,5.166666666666666,9.083586956521737,-0.06602366780769504,0.1860732546384201,0.026666666666666672,-1.1428571428571428,2.7,3.9,50.171170000000004,996.46,1.8530000000000002,120000.0,3609.3990000000003
1989Q4,125.86666666666667,5747.236999999999,3.7,1337.3333333333333,-0.6266115613762009,1.0,5.1,8.614456521739132,-0.05164594526678507,0.27529151035090976,0.05333333333333334,0.9999999999999998,3.4,3.7,51.38111,995.809,1.834,124800.0,3653.692
1990Q1,128.03333333333333,5872.701,9.0,1425.666666666667,-0.2803635743665153,1.0,5.8,8.247999999999998,-0.04253971458493736,0.07212972084524848,0.06,0.12499999999999988,3.1,3.8,51.96856,1010.8380000000001,1.848,123900.0,3737.948
1990Q2,129.29999999999998,5960.028,6.1,1212.3333333333333,-0.6331820442018176,1.0,5.3,8.239340659340659,-0.0010498715639353435,0.12843331341640266,0.10666666666666667,0.7777777777777779,2.8,4.0,52.7473,1014.72,1.859,126800.0,3783.421
1990Q3,131.53333333333333,6015.116,3.7,1132.0,-1.2565638100040977,1.0,5.566666666666666,8.160217391304343,-0.009603106766391131,0.2408409180892793,0.6033333333333334,4.65625,-0.1,4.3,53.753130000000006,1000.785,1.8559999999999999,117000.0,3846.7
1990Q4,133.76666666666668,6004.733,-0.7,1042.6666666666667,-2.815104302545212,1.0,5.8,7.743369565217389,-0.05108293150757893,0.5256503604879652,0.7999999999999999,0.32596685082872906,-3.4,4.2,56.03613000000001,947.453,1.839,121500.0,3867.909
1991Q1,134.76666666666668,6035.178000000001,2.0,894.6666666666665,-3.8955842863215517,1.0,7.199999999999998,6.430444444444442,-0.16955475387233282,0.6921744131555401,0.9833333333333334,0.22916666666666685,1.0,3.9,57.41652,924.569,1.8259999999999998,120000.0,3873.562
1991Q2,135.56666666666666,6126.861999999999,6.2,1011.0,-3.7499793933399284,0.0,6.7333333333333325,5.864065934065932,-0.08807766170312395,0.2395179326247622,1.2333333333333334,0.2542372881355932,3.0,3.6,57.745509999999996,926.541,1.8330000000000002,119900.0,3926.9320000000002
1991Q3,136.6,6205.937,5.3,1042.3333333333333,-3.851089104855143,0.0,6.633333333333333,5.645217391304345,-0.03732027320672444,0.2242177035724831,1.43,0.15945945945945936,1.6,3.4,59.06123,947.4760000000001,1.85,120000.0,3973.2690000000002
1991Q4,137.73333333333332,6264.54,3.8,1087.0,-4.093518735303399,0.0,6.7,4.818478260869566,-0.14644947627849625,0.3922965204558638,1.846666666666667,0.2913752913752916,3.4,3.4,60.685990000000004,978.788,1.861,120000.0,4000.032
1992Q1,138.66666666666666,6363.102,6.4,1241.0,-3.522934480141665,0.0,8.033333333333333,4.024285714285713,-0.16482227449969405,0.23650296149023345,2.016666666666666,0.09205776173285156,8.3,3.3,60.996790000000004,956.817,1.874,119500.0,4100.401
1992Q2,139.73333333333335,6470.763000000001,6.9,1152.6666666666667,-3.051654243494181,0.0,7.5,3.774065934065936,-0.06217743917424344,0.2444175753908692,2.1700000000000004,0.07603305785124012,4.0,3.2,61.57938000000001,1013.084,1.905,120000.0,4155.66
1992Q3,140.79999999999995,6566.641,6.1,1183.6666666666667,-2.6692366923669235,0.0,7.466666666666668,3.259239130434782,-0.1364117142162678,0.2638982225377356,2.47,0.13824884792626718,1.9,2.9,61.898019999999995,1024.162,1.931,120000.0,4226.971
1992Q4,142.03333333333333,6680.803000000001,7.1,1228.3333333333333,-2.235620414736465,0.0,7.033333333333334,3.034891304347828,-0.06883441720860363,0.3145465760344296,2.3000000000000003,-0.06882591093117406,1.8,2.8,62.52256,1057.962,1.9509999999999998,126000.0,4307.205
1993Q1,143.06666666666666,6729.459,2.9,1167.6666666666667,-2.6602932748364654,0.0,7.733333333333333,3.0423333333333344,0.0024521566801568987,0.22699824282842146,2.1333333333333333,-0.07246376811594214,1.5,2.7,62.866569999999996,1083.829,1.9709999999999999,125000.0,4349.515
1993Q2,144.1,6808.939,4.8,1266.0,-2.6895268213156287,0.0,6.966666666666666,2.9972527472527477,-0.014817766872111482,0.15634055373564704,1.9966666666666664,-0.06406250000000012,1.2,2.8,63.915240000000004,1094.479,1.985,127000.0,4418.581
1993Q3,144.76666666666668,6882.098000000001,4.4,1299.0,-2.8243923865300142,0.0,6.666666666666668,3.0577173913043483,0.020173355118957625,0.14842842105787987,1.643333333333333,-0.1769616026711184,0.3,2.8,64.10093,1095.8519999999999,1.9969999999999999,127000.0,4487.189
1993Q4,145.96666666666667,7013.738,7.9,1433.666666666667,-2.111333145789479,0.0,6.233333333333333,2.9882608695652197,-0.022715154100458088,0.09287364328386163,1.5266666666666666,-0.07099391480730224,2.8,2.5,64.66861,1153.142,2.023,127000.0,4552.651
1994Q1,146.70000000000005,7115.651999999999,5.9,1391.0,-1.7771201064270767,0.0,7.066666666666666,3.209333333333334,0.07398030942334688,0.224483426980176,1.53,0.0021834061135371685,2.7,2.3,64.30709,1201.675,2.0469999999999997,130000.0,4621.223
1994Q2,147.53333333333333,7246.931,7.6,1466.666666666667,-1.066083557667436,0.0,6.1000000000000005,3.9380219780219794,0.22705296365454264,0.387835073138111,1.2666666666666666,-0.17211328976034865,4.1,2.2,64.10716,1264.948,2.08,130000.0,4683.163
1994Q3,148.9,7331.075,4.7,1454.333333333333,-1.1111661160880035,0.0,5.900000000000001,4.485434782608695,0.13900704659390306,0.2851080884043429,1.1,-0.13157894736842113,2.4,2.2,64.01176,1251.749,2.103,129700.0,4752.7609999999995
1994Q4,149.76666666666668,7455.288,7.0,1472.0,-0.6085500487195739,0.0,5.266666666666667,5.167934782608696,0.15215916250666436,0.4554904084428872,0.68,-0.3818181818181817,5.9,2.2,64.38584,1307.566,2.1390000000000002,132000.0,4826.713
1995Q1,150.86666666666662,7522.289000000002,3.6,1324.0,-0.8860395378787166,0.0,5.933333333333334,5.802777777777777,0.12284268704502133,0.2853069617481715,0.35000000000000003,-0.4852941176470588,3.5,2.3,64.66271,1327.586,2.155,130000.0,4862.436
1995Q2,152.1,7580.9969999999985,3.2,1287.3333333333333,-1.2088374048297443,0.0,5.633333333333333,6.019120879120879,0.03728267902513982,0.0885770016758594,0.4666666666666666,0.3333333333333331,1.1,2.2,65.31294,1303.988,2.151,133900.0,4933.609
1995Q3,152.86666666666667,7683.125,5.5,1415.333333333333,-1.0010303632262434,0.0,5.633333333333333,5.797173913043481,-0.03687365157381835,0.2257847174913566,0.4666666666666666,0.0,3.7,2.1,64.73906,1303.248,2.142,132000.0,4998.662
1995Q4,153.70000000000005,7772.585999999998,4.7,1417.333333333333,-0.9804865453069956,0.0,5.233333333333333,5.719456521739132,-0.013406082423969852,0.26648037319408496,0.39333333333333337,-0.15714285714285695,2.4,2.1,64.18281999999999,1335.135,2.147,138000.0,5055.655
1996Q1,155.06666666666666,7868.468000000002,5.0,1460.666666666667,-0.9205011723329422,0.0,6.033333333333334,5.370989010989011,-0.06092668235620422,0.30798648940445045,0.6433333333333334,0.6355932203389831,3.8,2.0,65.04171,1355.3529999999998,2.147,137000.0,5130.615
1996Q2,156.4,8032.84,8.6,1495.666666666667,0.011112020441752827,0.0,5.433333333333334,5.243956043956042,-0.02365168999099801,0.1649099358294914,0.6,-0.06735751295336805,3.7,1.9,64.2497,1418.388,2.165,139900.0,5220.499
1996Q3,157.29999999999995,8131.408,5.0,1501.333333333333,0.15050134021642012,0.0,5.233333333333333,5.30619565217391,0.0118688272167351,0.36068872577884337,0.6033333333333334,0.005555555555555684,3.3,1.8,64.25469,1474.35,2.171,140000.0,5274.505
1996Q4,158.66666666666666,8259.771,6.5,1417.0,0.3904249413534373,0.0,4.966666666666667,5.280869565217388,-0.004772927463793517,0.21637194357088932,0.5466666666666667,-0.0939226519337016,2.1,1.9,64.44697,1480.128,2.1790000000000003,144100.0,5352.763000000001
1997Q1,159.63333333333338,8362.655,5.1,1432.666666666667,0.18187871201427544,0.0,5.7,5.278444444444442,-0.00045922754633424806,0.2733393623158969,0.5199999999999999,-0.04878048780487836,3.9,1.9,64.34428,1522.404,2.1790000000000003,145000.0,5433.105
1997Q2,160.0,8518.825,7.7,1476.0,0.9302593609234234,0.0,4.9,5.5221978021978,0.0461790135936561,0.2090178206001808,0.4233333333333333,-0.18589743589743574,3.6,2.0,63.109069999999996,1590.2179999999998,2.195,145800.0,5471.267
1997Q3,160.8,8662.823,6.9,1457.666666666667,1.2361728459621049,0.0,4.833333333333333,5.534673913043476,0.0022592654759146075,0.15680498903643858,0.34,-0.19685039370078736,4.8,1.7,62.48709,1625.251,2.198,145000.0,5579.179
1997Q4,161.66666666666666,8765.907,4.8,1532.0,1.1194230819026905,0.0,4.366666666666666,5.507391304347825,-0.004929397670810415,0.15899318919145242,0.17333333333333334,-0.4901960784313726,6.0,1.5,62.77032,1644.529,2.19,144200.0,5663.61
1998Q1,162.0,8866.48,4.7,1558.666666666667,1.118530799206946,0.0,5.066666666666666,5.519333333333334,0.002168363990421543,0.15534521180731836,0.14,-0.19230769230769246,8.7,1.4,62.50988,1712.3239999999998,2.175,152200.0,5721.342
1998Q2,162.53333333333333,8969.699,4.7,1572.333333333333,1.0213089930887465,0.0,4.333333333333333,5.497472527472528,-0.003960769270589136,0.20926640865755247,0.04,-0.7142857142857142,5.6,1.2,61.85196,1695.773,2.16,149500.0,5832.566
1998Q3,163.36666666666667,9121.097,6.9,1631.333333333333,1.2350365452399092,0.0,4.533333333333333,5.531630434782609,0.0062133839031267,0.14434602179693098,0.07,0.7500000000000001,4.1,1.3,60.58693,1741.6229999999998,2.16,153000.0,5926.846
1998Q4,164.13333333333333,9293.991,7.8,1722.333333333333,1.8020630514934337,0.0,4.1000000000000005,4.86054347826087,-0.12131811125739307,0.32572274372720056,0.29,3.1428571428571423,3.2,1.3,60.40696,1796.964,2.145,153000.0,6028.238
1999Q1,164.73333333333332,9417.264,5.4,1709.333333333333,1.7005141071999603,0.0,4.633333333333334,4.7345555555555565,-0.025920542274501662,0.18829907546964147,0.13333333333333333,-0.5402298850574713,3.7,1.3,60.01334,1853.0629999999999,2.135,157400.0,6102.531999999999
1999Q2,165.96666666666667,9524.152,4.6,1574.333333333333,1.4010546811617721,0.0,4.2,4.747692307692309,0.002774653709858446,0.14730977883416616,0.25666666666666665,0.925,0.9,1.3,59.205059999999996,1848.3410000000001,2.128,158700.0,6225.3
1999Q3,167.2,9681.856,6.8,1650.666666666667,1.6446718844069836,0.0,4.266666666666667,5.09554347826087,0.07326742089098019,0.17400495212376227,0.2533333333333333,-0.012987012987012854,2.8,1.3,58.42135,1893.735,2.1319999999999997,159100.0,6328.908
1999Q4,168.43333333333334,9899.378,9.3,1654.666666666667,2.287546864078287,0.0,3.766666666666667,5.304021739130434,0.04091384201881409,0.2476263570564129,0.20000000000000004,-0.2105263157894736,6.1,1.5,58.34802,1953.0970000000002,2.15,165300.0,6459.573
2000Q1,170.1,10002.857,4.2,1659.0,1.5932004873639116,0.0,4.4,5.6776923076923085,0.0704504217630028,0.3041091796746571,-0.04666666666666667,-1.2333333333333332,7.9,1.7,57.71743000000001,1950.65,2.1390000000000002,165300.0,6613.597
2000Q2,171.4333333333333,10247.679,10.2,1586.666666666667,2.389522083135595,0.0,3.8666666666666663,6.271978021978022,0.1046702924497258,0.26471880166705897,-0.3866666666666667,7.2857142857142865,4.5,1.7,55.485130000000005,2075.786,2.156,163200.0,6707.514
2000Q3,173.0,10319.825,2.8,1503.666666666667,1.4965919855823664,0.0,4.033333333333334,6.519456521739131,0.039457807233046,0.10757429459726134,-0.3233333333333333,-0.16379310344827602,4.7,1.8,54.983290000000004,2059.969,2.146,168800.0,6815.369000000001
2000Q4,174.23333333333335,10439.025,4.7,1544.0,1.1372240950623118,0.0,3.6666666666666665,6.474891304347828,-0.006835725837376026,0.20355356540598588,-0.14666666666666667,-0.5463917525773195,1.4,1.8,54.24085,2067.2270000000003,2.1390000000000002,172900.0,6912.095
2001Q1,175.9,10472.879,1.3,1605.0,-0.07791128240006044,1.0,4.6000000000000005,5.596999999999997,-0.13558394466920815,0.33196876122154395,0.4633333333333334,-4.15909090909091,3.7,1.8,55.1304,1971.3329999999999,2.09,169800.0,6986.889
2001Q2,177.13333333333335,10597.822,4.9,1630.0,-0.36271013754457454,1.0,4.333333333333333,4.326703296703296,-0.2269602828830983,0.4146298347657824,1.08,1.330935251798561,-0.7,1.9,54.037659999999995,1973.033,2.063,179000.0,7036.3369999999995
2001Q3,177.63333333333333,10596.294,-0.1,1599.666666666667,-1.5952747130279727,1.0,4.766666666666667,3.5015217391304336,-0.19071831391849856,0.4787780572390983,1.34,0.24074074074074076,9.6,1.7,54.80656,1944.9089999999999,2.0180000000000002,172500.0,7064.655
2001Q4,177.5,10660.294,2.4,1570.0,-2.1033229644262947,0.0,5.233333333333333,2.130434782608696,-0.39156888309430665,0.3174240864285617,1.8966666666666665,0.4154228855721391,-5.0,1.7,55.75305,1850.0910000000001,1.984,171100.0,7174.656
2002Q1,178.0666666666667,10788.952,4.9,1723.0,-1.9791329796963602,0.0,6.166666666666668,1.7328888888888905,-0.186603174603174,0.06193952187043492,1.873333333333333,-0.012302284710017626,9.3,1.5,55.66835,1912.6589999999999,1.974,188700.0,7209.94
2002Q2,179.46666666666667,10893.207,3.9,1691.0,-2.080337099059174,0.0,5.7333333333333325,1.751538461538462,0.010762128356382723,0.047373763881219166,1.8766666666666667,0.0017793594306051421,2.7,1.6,56.24119,1933.2820000000002,1.9769999999999999,187200.0,7302.111999999999
2002Q3,180.4333333333333,10992.051,3.7,1697.333333333333,-2.3142552024706324,0.0,5.666666666666668,1.7408695652173911,-0.006091157319890986,0.04525027287667215,2.03,0.0817051509769093,-0.3,1.9,56.661269999999995,1933.1970000000001,1.9580000000000002,178100.0,7390.943
2002Q4,181.5,11071.463,2.9,1729.666666666667,-2.8116949674940686,0.0,5.533333333333332,1.4442391304347826,-0.17039210789210793,0.25167672311415146,2.1166666666666667,0.0426929392446635,2.4,1.7,57.85782,1942.531,1.932,190100.0,7467.749
2003Q1,183.36666666666667,11183.507,4.1,1736.0,-2.9210509452098687,0.0,6.366666666666667,1.2496666666666667,-0.13472316299139506,0.05226230299754064,2.273333333333333,0.07401574803149609,0.9,1.7,57.77056999999999,1960.221,1.92,186000.0,7555.778
2003Q2,183.0666666666667,11312.875,4.7,1753.666666666667,-2.7224540901502503,0.0,6.033333333333334,1.2467032967032958,-0.002371328324916501,0.05291617994642192,2.1966666666666668,-0.033724340175953084,5.0,1.4,58.960440000000006,1972.386,1.905,191800.0,7642.6
2003Q3,184.4333333333333,11567.326,9.3,1889.666666666667,-1.7094593169950028,0.0,6.033333333333334,1.0168478260869562,-0.1843706287006341,0.08627746382719496,2.553333333333333,0.16236722306525028,6.9,1.3,58.64208000000001,2044.3039999999999,1.909,191900.0,7802.573
2003Q4,185.13333333333333,11769.275,7.2,2035.666666666667,-1.2223913635506642,0.0,5.533333333333334,0.9967391304347819,-0.019775521111705267,0.02721944584672116,2.4233333333333333,-0.0509138381201044,1.1,1.4,59.4596,2131.311,1.944,198800.0,7891.485
2004Q1,186.7,11920.169,5.2,1918.333333333333,-1.3441161575869411,0.0,6.1000000000000005,1.0018681318681315,0.0051457811545054894,0.022750437744852654,2.3266666666666667,-0.03988995873452545,1.9,1.7,59.82355,2154.052,1.954,212700.0,8027.745
2004Q2,188.16666666666663,12108.987,6.5,1937.333333333333,-1.2628645058155559,0.0,5.5,1.0113186813186812,0.009432927498080744,0.04553896478618414,2.1466666666666665,-0.0773638968481376,4.7,2.0,60.07385,2262.607,1.943,217600.0,8133.005
2004Q3,189.36666666666665,12303.34,6.6,1977.0,-1.0013893356511745,0.0,5.400000000000001,1.4307608695652176,0.41474779018184094,0.1724116827308774,1.7433333333333334,-0.18788819875776389,2.6,2.0,59.976009999999995,2318.272,1.953,213500.0,8264.341999999999
2004Q4,191.4,12522.425,7.3,1965.333333333333,-0.67727658995887,0.0,5.133333333333334,1.9498913043478263,0.36283521993466544,0.19017917847008056,1.36,-0.21988527724665388,5.1,2.1,60.66032,2390.0820000000003,1.9609999999999999,228800.0,8425.556999999999
2005Q1,192.36666666666667,12761.337,7.9,2071.6666666666665,-0.240410070776379,0.0,5.633333333333333,2.4690000000000003,0.2662244272255977,0.18243699851446324,0.8533333333333334,-0.3725490196078432,-4.6,2.2,60.94141,2486.0679999999998,1.9880000000000002,232500.0,8522.955
2005Q2,193.66666666666663,12910.022,4.7,2051.333333333333,-0.41818267224082506,0.0,5.0,2.941758241758241,0.19147761918114264,0.12865624661255254,0.5166666666666666,-0.3945312500000001,3.9,2.1,60.700869999999995,2476.474,1.9969999999999999,233700.0,8671.428
2005Q3,196.6,13142.873,7.4,2100.0,-0.14902897081577124,0.0,4.966666666666668,3.4600000000000004,0.1761673515128878,0.1802745159441594,0.26,-0.496774193548387,1.2,2.1,60.3575,2531.076,2.004,236400.0,8849.203000000001
2005Q4,198.4333333333333,13332.316,5.9,2068.6666666666665,-0.11272507889363285,0.0,4.666666666666666,3.978260869565217,0.14978637848705675,0.1795758659697787,0.12666666666666668,-0.5128205128205128,5.2,2.2,61.28276999999999,2645.263,2.006,243600.0,8944.885
2006Q1,199.46666666666667,13603.933,8.4,2120.333333333333,0.662816074901922,0.0,5.0,4.454111111111109,0.11961262902246445,0.155606060108762,-0.03,-1.236842105263158,8.0,2.1,61.534819999999996,2709.74,2.021,247700.0,9090.652
2006Q2,201.26666666666665,13749.806,4.4,1855.0,0.3785175467366349,0.0,4.566666666666666,4.907582417582419,0.10180960805851776,0.10834451900550736,0.07666666666666667,-3.5555555555555562,1.0,2.3,61.23753000000001,2709.252,2.021,246300.0,9210.245
2006Q3,203.16666666666663,13867.469,3.5,1702.333333333333,0.035689809345403986,0.0,4.666666666666667,5.2453260869565215,0.06882078396973376,0.0385863121821262,-0.03333333333333333,-1.4347826086956519,1.0,2.5,61.34482,2709.42,2.009,235600.0,9333.029
2006Q4,202.33333333333331,14037.228,5.0,1570.0,0.40291265289154204,0.0,4.233333333333333,5.242934782608695,-0.00045589240939159474,0.03212400572637633,-0.10666666666666667,2.2,5.4,2.3,61.83716999999999,2675.406,2.0,245400.0,9407.453000000001
2007Q1,204.317,14208.569,5.0,1461.333333333333,0.15856433595366154,0.0,4.8,5.254555555555556,0.0022164633795196164,0.030544169936399093,-0.08666666666666667,-0.18750000000000006,3.5,2.4,62.284,2664.295,1.996,257400.0,9549.431
2007Q2,206.63099999999997,14382.363,5.0,1451.0,0.25017370940346906,0.0,4.433333333333334,5.252417582417586,-0.00040687991883762943,0.028100638954406298,0.04,-1.4615384615384617,1.0,2.1,61.65661,2699.217,1.9869999999999999,242200.0,9644.74
2007Q3,207.93900000000002,14535.003,4.3,1289.0,0.3197710158291072,0.0,4.666666666666667,5.074347826086957,-0.03390243702761101,0.2264115883912737,0.35000000000000003,7.750000000000001,0.4,2.0,61.97214,2685.969,1.9769999999999999,241800.0,9753.799
2007Q4,210.4896666666667,14681.501,4.1,1166.0,0.461882150482807,1.0,4.566666666666666,4.495652173913043,-0.11404335532516492,0.2793843480785321,0.7833333333333333,1.2380952380952381,0.3,2.3,62.862590000000004,2642.56,1.976,238400.0,9877.752
2008Q1,212.76966666666667,14651.039,-0.8,1064.0,-0.5755387924197917,1.0,5.266666666666667,3.1814285714285706,-0.2923321359491573,0.6583102467320265,1.64,1.0936170212765957,1.1,2.1,64.41587,2563.701,1.935,233900.0,9934.253
2008Q2,215.53766666666664,14805.611,4.3,1010.6666666666665,-0.5190691212226468,1.0,5.233333333333333,2.0847252747252747,-0.34472038962384705,0.16232574013275308,1.4633333333333332,-0.10772357723577243,7.5,2.2,64.11086999999999,2540.595,1.923,235300.0,10052.843
2008Q3,218.861,14835.187,0.8,862.3333333333335,-1.4924674932723019,1.0,6.033333333333334,1.9406521739130431,-0.0691089145217072,0.2644912360575792,1.5066666666666668,0.029612756264237133,-8.1,2.2,67.57396999999999,2498.242,1.903,226500.0,10080.964
2008Q4,213.84866666666667,14559.543,-7.2,663.0,-4.0246762842187,1.0,6.566666666666666,0.505326086956522,-0.7396101713901644,0.4796827043936546,2.04,0.35398230088495536,3.5,1.6,73.48998,2307.915,1.8090000000000002,222500.0,9837.261
2009Q1,212.37766666666667,14394.547,-4.5,525.6666666666666,-5.461497676449491,1.0,8.799999999999997,0.18444444444444447,-0.6349991634999165,0.04421884064135353,1.83,-0.10294117647058812,-1.7,1.1,77.2997,2014.878,1.733,208400.0,9756.126
2009Q2,213.507,14352.85,-1.2,534.3333333333334,-5.902838312556347,1.0,9.133333333333333,0.17802197802197806,-0.034820601085661415,0.03159535057989033,2.3,0.2568306010928962,4.4,1.1,80.4389,1863.65,1.7080000000000002,220900.0,9760.216
2009Q3,215.344,14420.312,1.9,588.3333333333334,-5.841229891826552,0.0,9.6,0.15434782608695666,-0.13298443370907065,0.01672691769101376,2.483333333333333,0.07971014492753614,-4.4,0.9,82.59064000000001,1841.4160000000002,1.71,214300.0,9895.401
2009Q4,217.03,14628.021,5.9,567.6666666666666,-5.070640381298566,0.0,9.533333333333333,0.1183695652173912,-0.23309859154929705,0.01008504211861118,2.5866666666666664,0.041610738255033634,-0.1,1.5,84.16278,1998.71,1.726,219000.0,9957.091999999999
2010Q1,217.37400000000002,14721.35,2.6,618.0,-4.9474641590874056,0.0,10.4,0.1338888888888889,0.1311090705030108,0.02921037388620326,2.8000000000000003,0.0824742268041239,2.3,1.7,86.76598,2038.161,1.736,222900.0,10040.485
2010Q2,217.2973333333333,14926.098,5.7,602.0,-4.3123739113319886,0.0,9.466666666666667,0.19197802197802188,0.4338607450640639,0.017011093127053588,2.62,-0.0642857142857145,6.8,1.5,88.44771,2148.795,1.742,219500.0,10131.767
2010Q3,217.9343333333333,15079.917,4.2,579.6666666666666,-3.851193580249943,0.0,9.466666666666667,0.18880434782608693,-0.016531445210422484,0.011372068278577684,2.2466666666666666,-0.1424936386768447,2.9,1.3,89.93168,2236.495,1.743,224100.0,10220.606
2010Q4,219.699,15240.843,4.3,542.3333333333334,-3.622871373763209,0.0,9.133333333333333,0.18956521739130436,0.004029936672423754,0.013580289812106114,2.3800000000000003,0.059347181008902274,2.3,0.9,92.02388,2238.44,1.74,224300.0,10350.484
2011Q1,222.04366666666667,15285.828,1.2,582.3333333333334,-4.144934786056783,0.0,9.5,0.1545555555555558,-0.18468399592252666,0.01690429844352215,2.766666666666667,0.16246498599439774,4.1,1.1,93.35519000000001,2205.962,1.723,226900.0,10485.358
2011Q2,224.56833333333333,15496.188999999997,5.6,574.3333333333334,-3.7642923601778153,0.0,8.9,0.09461538461538453,-0.3878228170104535,0.009580964032646808,2.643333333333333,-0.04457831325301227,-0.9,1.5,92.5588,2297.3520000000003,1.714,228100.0,10612.125
2011Q3,226.03266666666664,15591.85,2.5,619.3333333333334,-4.1094146811566965,0.0,9.066666666666666,0.08358695652173913,-0.11656062212795952,0.018372310851389018,2.143333333333333,-0.18915510718789408,1.8,1.8,94.85943,2322.84,1.65,223500.0,10705.367
2011Q4,227.0473333333333,15796.46,5.4,671.6666666666666,-3.3329085099571762,0.0,8.333333333333334,0.07434782608695661,-0.11053315994798328,0.008555487645280238,1.7833333333333332,-0.16796267496111972,1.2,1.9,96.36931,2504.095,1.643,221100.0,10761.586000000001
2012Q1,228.326,16019.758,5.8,707.3333333333335,-2.9231361833512888,0.0,8.633333333333333,0.10417582417582424,0.4011952959321372,0.023993792441006,1.75,-0.01869158878504666,7.7,2.1,97.42044,2567.75,1.639,238400.0,10922.442
2012Q2,228.808,16152.257,3.3,739.3333333333335,-2.873204221129632,0.0,8.0,0.15230769230769234,0.4620253164556958,0.018140006313665625,1.5333333333333332,-0.12380952380952387,3.7,1.9,98.15989,2636.863,1.629,238700.0,10964.858
2012Q3,229.84099999999998,16257.151000000002,2.6,780.3333333333335,-3.120866978833198,0.0,8.133333333333333,0.14434782608695662,-0.05226174791392154,0.020504855915155558,1.3833333333333335,-0.09782608695652156,-2.8,1.7,98.82568,2644.119,1.6059999999999999,248800.0,11014.245
2012Q4,231.36933333333332,16358.863,2.5,908.0,-3.3994146550390822,0.0,7.5,0.16119565217391307,0.11671686746987894,0.010037554899536252,1.4366666666666663,0.03855421686746964,11.6,1.8,100.45154000000001,2638.282,1.5819999999999999,251700.0,11125.711000000001
2013Q1,232.29933333333332,16569.591,5.3,953.3333333333335,-2.9451010361313026,0.0,8.066666666666668,0.14366666666666678,-0.10874353787367896,0.015896434481149642,1.6833333333333331,0.17169373549883998,-15.1,1.5,101.21783,2738.236,1.579,258400.0,11223.18
2013Q2,232.045,16637.926,1.7,868.0,-3.230643981405008,0.0,7.399999999999999,0.11582417582417573,-0.19379924020295386,0.026079618865054763,1.7266666666666666,0.025742574257425682,3.0,1.4,100.6034,2775.276,1.567,268100.0,11239.591999999999
2013Q3,233.3,16848.748,5.2,882.3333333333335,-2.88447191103644,0.0,7.333333333333332,0.08521739130434784,-0.2642521244121764,0.00804906122019935,2.3433333333333333,0.3571428571428572,1.7,1.5,99.34376,2879.995,1.5630000000000002,264800.0,11330.946000000002
2013Q4,234.16266666666667,17083.137,5.7,1009.0,-2.5261092100260303,0.0,6.7,0.08554347826086955,0.003826530612244582,0.00803346440871655,2.42,0.03271692745376956,1.6,1.6,100.42721999999999,2910.546,1.557,273600.0,11475.123
2014Q1,235.621,17104.555,0.5,934.0,-3.2132663878566183,0.0,6.933333333333334,0.07222222222222223,-0.15572497529295493,0.007154440402865368,2.39,-0.012396694214875952,5.7,1.5,102.90374,2899.216,1.536,275200.0,11574.229
2014Q2,236.87233333333333,17432.909,7.9,987.0,-2.3218283473883243,0.0,6.1000000000000005,0.09098901098901087,0.2598478444632277,0.007000784885353148,2.203333333333333,-0.0781032078103209,5.6,1.7,101.14551999999999,3030.425,1.541,288000.0,11756.878
2014Q3,237.4783333333333,17721.657,6.8,1030.6666666666667,-1.554047654797242,0.0,6.166666666666668,0.08913043478260863,-0.02042638101239198,0.005273231991204503,1.98,-0.10136157337367628,4.8,1.7,100.5779,3107.62,1.547,281000.0,11915.358999999999
2014Q4,236.8883333333333,17849.912,2.9,1049.3333333333333,-1.4286404277951872,0.0,5.466666666666666,0.101304347826087,0.13658536585365985,0.017926430318543622,1.7400000000000002,-0.12121212121212101,5.4,1.5,101.63324,3139.452,1.538,298900.0,12044.546999999999
2015Q1,235.31966666666665,17984.178,3.0,980.6666666666665,-1.0889751428342436,0.0,5.833333333333332,0.11288888888888883,0.114353838817357,0.017303922036714218,1.3633333333333333,-0.21647509578544075,4.6,1.3,100.93348,3235.744,1.5219999999999998,289200.0,12091.58
2015Q2,236.938,18219.405,5.3,1157.0,-0.7969621840357927,0.0,5.3,0.12560439560439576,0.11263736263736475,0.012037791529530023,1.5533333333333337,0.13936430317848422,3.0,1.3,99.63003,3231.7740000000003,1.524,289100.0,12248.02
2015Q3,237.8623333333333,18344.713,2.8,1161.6666666666667,-0.9100183844390476,0.0,5.233333333333333,0.13478260869565234,0.07307238769066929,0.015153301665369238,1.5266666666666666,-0.017167381974249038,3.0,1.2,98.94196,3241.196,1.516,295800.0,12376.214
2015Q4,237.87133333333333,18350.825,0.1,1129.3333333333333,-1.315116627216595,0.0,4.8,0.16108695652173913,0.1951612903225789,0.0870323486877608,1.3566666666666665,-0.11135371179039312,1.3,1.2,103.11350999999999,3183.594,1.496,302500.0,12421.31
2016Q1,237.78,18424.283,1.6,1145.6666666666667,-1.2506805705543556,0.0,5.2,0.35978021978022,1.233453456125522,0.03696779445162812,1.0833333333333333,-0.20147420147420145,2.7,1.4,104.56276,3149.1079999999997,1.47,299800.0,12523.524
2016Q2,239.486,18637.253,4.7,1160.6666666666667,-1.2063030669623855,0.0,4.766666666666667,0.36934065934065935,0.02657299938912597,0.019596042559784463,0.98,-0.09538461538461523,-0.4,1.5,103.99382,3152.921,1.462,306000.0,12688.261
2016Q3,240.601,18806.743,3.7,1151.3333333333333,-1.087701685991712,0.0,4.966666666666666,0.39489130434782543,0.06917907455079184,0.023463535666482356,0.8366666666666666,-0.14625850340136073,1.8,1.7,104.07674,3166.6059999999998,1.4509999999999998,303800.0,12822.38
2016Q4,242.164,18991.883,4.0,1254.0,-1.0072921757675388,0.0,4.533333333333334,0.4481521739130431,0.13487475915221664,0.099027461479583,1.1233333333333333,0.3426294820717133,2.4,1.8,105.18613,3246.2009999999996,1.443,310900.0,12959.767
2017Q1,243.83,19190.431,4.2,1230.6666666666667,-0.8619165869333171,0.0,4.866666666666666,0.6988888888888874,0.5594901231573539,0.09882960531334732,1.2033333333333334,0.07121661721068256,4.9,1.8,103.41830999999999,3288.2290000000003,1.4380000000000002,313100.0,13104.419
2017Q2,244.06500000000003,19356.649,3.5,1169.3333333333333,-0.7520377142353614,0.0,4.233333333333333,0.9473626373626354,0.35552682611506137,0.09858820263922907,0.97,-0.1939058171745152,2.7,1.6,102.52060999999999,3334.9709999999995,1.432,318200.0,13212.501
2017Q3,245.3683333333333,19611.704,5.4,1175.3333333333333,-0.3961548163502561,0.0,4.4,1.1536956521739108,0.21779728973235246,0.024029166860495936,0.8799999999999999,-0.09278350515463936,2.3,1.5,103.22865999999999,3401.815,1.435,320500.0,13345.053
2017Q4,247.2733333333333,19918.91,6.4,1259.6666666666667,0.0336530849571147,0.0,3.9,1.2027777777777762,0.04254339132801605,0.09912003593167258,0.6733333333333333,-0.23484848484848475,3.7,1.7,102.88087,3457.732,1.442,337900.0,13586.267
2018Q1,249.2503333333333,20163.159,5.0,1320.6666666666667,0.2024563882397696,0.0,4.333333333333333,1.4489655172413811,0.20468264712909465,0.08390241400688564,0.5966666666666667,-0.11386138613861385,6.9,1.8,104.59493,3542.4120000000003,1.4509999999999998,331800.0,13728.357
2018Q2,250.57866666666663,20510.177,7.1,1259.6666666666667,0.5891817926140666,0.0,3.8333333333333335,1.7271764705882364,0.19200660749782927,0.07549222231628963,0.4466666666666666,-0.2513966480446929,2.7,2.0,103.33928,3561.592,1.4609999999999999,315600.0,13939.828000000001
2018Q3,251.82866666666663,20749.752,4.8,1233.0,0.8219590958019374,0.0,3.8666666666666663,1.923492063492064,0.11366273003763586,0.04718387949695332,0.2533333333333333,-0.4328358208955223,3.3,2.0,103.69309,3683.9809999999998,1.462,330900.0,14114.559
2018Q4,252.75900000000001,20897.804,2.9,1185.0,0.5920205644513469,0.0,3.5666666666666664,2.21709677419355,0.15264149838416918,0.06621839417509708,0.23333333333333334,-0.07894736842105259,2.8,1.9,105.15026,3725.2340000000004,1.462,322800.0,14211.92
2019Q1,253.3113333333333,21098.827,3.9,1213.0,0.8481465891592651,0.0,4.133333333333334,2.4013114754098384,0.08308825458613325,0.0046459336471319865,0.17,-0.27142857142857146,4.5,1.6,104.40334,3783.364,1.4580000000000002,313000.0,14266.25
2019Q2,255.13933333333333,21340.267000000003,4.7,1255.6666666666667,0.8288145026635922,,3.5,2.3978125,-0.0014571101856917811,0.02400190137970905,0.21333333333333332,0.2549019607843137,2.4,1.6,103.2006,3749.4709999999995,1.4569999999999999,322500.0,14511.176000000001
2019Q3,256.273,,,1282.0,,,3.7,2.1978125000000004,-0.08340935748729299,0.17315438335829206,0.11,-0.4843750000000001,,,,,,,
2019Q4,,,,,,,,1.8456250000000003,-0.16024456135361867,0.027560539423845263,,,,,,,,,
