quarter,real_disp_pers_inc,real_disp_pers_inc_CH1,real_disp_pers_inc_CHG,real_disp_pers_inc_PC1,real_disp_pers_inc_PCA,real_disp_pers_inc_PCH,personal_consumption_exp_excl_food_energy,personal_consumption_exp_excl_food_energy_CCA,personal_consumption_exp_excl_food_energy_CCH,personal_consumption_exp_excl_food_energy_CH1,personal_consumption_exp_excl_food_energy_CHG,personal_consumption_exp_excl_food_energy_LOG,personal_consumption_exp_excl_food_energy_PC1,personal_consumption_exp_excl_food_energy_PCA,personal_consumption_exp_excl_food_energy_PCH,cpi_US_total,cpi_US_total_CH1,cpi_US_total_CHG,cpi_US_total_PC1,cpi_US_total_PCA,cpi_US_total_PCH,DPCERO1Q156NBEA,DPCERO1Q156NBEA_CH1,DPCERO1Q156NBEA_CHG,tot_public_debt_as_pct_of_gdp,tot_public_debt_as_pct_of_gdp_CCA,tot_public_debt_as_pct_of_gdp_CCH,tot_public_debt_as_pct_of_gdp_CH1,tot_public_debt_as_pct_of_gdp_CHG,tot_public_debt_as_pct_of_gdp_LOG,tot_public_debt_as_pct_of_gdp_PC1,tot_public_debt_as_pct_of_gdp_PCA,tot_public_debt_as_pct_of_gdp_PCH,gross_private_domestic_invest,gross_private_domestic_invest_CCA,gross_private_domestic_invest_CCH,gross_private_domestic_invest_CH1,gross_private_domestic_invest_CHG,gross_private_domestic_invest_LOG,gross_private_domestic_invest_PC1,gross_private_domestic_invest_PCA,gross_private_domestic_invest_PCH,M2_velocity,M2_velocity_CCA,M2_velocity_CCH,M2_velocity_CH1,M2_velocity_CHG,M2_velocity_LOG,M2_velocity_PC1,M2_velocity_PCA,M2_velocity_PCH,median_sls_price_houses_sold_US,median_sls_price_houses_sold_US_CCA,median_sls_price_houses_sold_US_CCH,median_sls_price_houses_sold_US_CH1,median_sls_price_houses_sold_US_CHG,median_sls_price_houses_sold_US_LOG,median_sls_price_houses_sold_US_PC1,median_sls_price_houses_sold_US_PCA,median_sls_price_houses_sold_US_PCH,nat_rate_of_unemp_long_term,nat_rate_of_unemp_long_term_CCA,nat_rate_of_unemp_long_term_CCH,nat_rate_of_unemp_long_term_CH1,nat_rate_of_unemp_long_term_CHG,nat_rate_of_unemp_long_term_LOG,nat_rate_of_unemp_long_term_PC1,nat_rate_of_unemp_long_term_PCA,nat_rate_of_unemp_long_term_PCH,personal_consumption_expenditures,personal_consumption_expenditures_CCA,personal_consumption_expenditures_CCH,personal_consumption_expenditures_CH1,personal_consumption_expenditures_CHG,personal_consumption_expenditures_LOG,personal_consumption_expenditures_PC1,personal_consumption_expenditures_PCA,personal_consumption_expenditures_PCH
1976Q3,3.2,8.9,0.9,-156.1,274.7,39.1,6,0,0,-1.6,0,1.8,-21.1,0,0,5.518087063,-3.21524627,-0.555801478,-36.8,-31.9,-9.2,5.1,2.7,-0.4,33.64333,1.8,0.4,1.2629,0.14869,3.5,3.9,1.8,0.4,328.307,7.4,1.8,63.115,6.004,5.8,23.8,7.7,1.9,1.717,-3.2,-0.8,-0.022,-0.014,0.5,-1.3,-3.2,-0.8,44400,1.8,0.5,5600,200,10.7,14.4,1.8,0.5,6.217,0.4,0.1,0.029,0.006,1.8,0.5,0.4,0.1,1158.806,10.2,2.6,111.614,29.266,7.1,10.7,10.8,2.6
1976Q4,2.6,-0.6,-0.6,-18.8,-56.4,-18.8,6,0,0,-0.8,0,1.8,-11.8,0,0,5.069402535,-2.179788404,-0.448684528,-30.1,-28.8,-8.1,5.4,0.3,0.3,33.78753,1.7,0.4,1.05743,0.1442,3.5,3.2,1.7,0.4,337.65,11.2,2.8,61.414,9.343,5.8,22.2,11.9,2.8,1.699,-4.2,-1.1,-0.051,-0.018,0.5,-2.9,-4.1,-1,45500,9.8,2.4,4300,1100,10.7,10.4,10.3,2.5,6.223,0.4,0.1,0.026,0.006,1.8,0.4,0.4,0.1,1192.408,11.4,2.9,116.185,33.602,7.1,10.8,12.1,2.9
1977Q1,0.9,-4,-1.7,-81.6,-98.6,-65.4,6.2,13.1,3.3,-0.1,0.2,1.8,-1.6,14,3.3,5.857740586,-0.499538499,0.788338051,-7.9,78.3,15.6,4.5,-1.8,-0.9,33.65136,-1.6,-0.4,0.66623,-0.13617,3.5,2,-1.6,-0.4,360.313,26,6.5,55.675,22.663,5.9,18.3,29.7,6.7,1.689,-2.4,-0.6,-0.063,-0.01,0.5,-3.6,-2.3,-0.6,46300,7,1.7,3500,800,10.7,8.2,7.2,1.8,6.227,0.3,0.1,0.023,0.004,1.8,0.4,0.3,0.1,1228.212,11.8,3,118.304,35.804,7.1,10.7,12.6,3
1977Q2,3.8,1.5,2.9,65.2,31680.8,322.2,6.5,18.9,4.7,0.5,0.3,1.9,8.3,20.8,4.8,6.847697757,0.773809216,0.989957171,12.7,86.7,16.9,4.1,-1.4,-0.4,32.80422,-10.2,-2.5,-0.69042,-0.84714,3.5,-2.1,-9.7,-2.5,389.703,31.4,7.8,67.4,29.39,6,20.9,36.8,8.2,1.701,2.8,0.7,-0.03,0.012,0.5,-1.7,2.9,0.7,48900,21.9,5.5,4700,2600,10.8,10.6,24.4,5.6,6.232,0.3,0.1,0.021,0.005,1.8,0.3,0.3,0.1,1255.98,8.9,2.2,126.44,27.768,7.1,11.2,9.4,2.3
1977Q3,5.7,2.5,1.9,78.1,406.3,50,6.6,6.1,1.5,0.6,0.1,1.9,10,6.3,1.5,6.682161534,1.164074471,-0.165536223,21.1,-9.3,-2.4,4,-1.1,-0.1,32.98791,2.2,0.6,-0.65542,0.18369,3.5,-1.9,2.3,0.6,414.134,24.3,6.1,85.827,24.431,6,26.1,27.5,6.3,1.713,2.8,0.7,-0.004,0.012,0.5,-0.2,2.9,0.7,48800,-0.8,-0.2,4400,-100,10.8,9.9,-0.8,-0.2,6.235,0.2,0,0.018,0.003,1.8,0.3,0.2,0,1286.905,9.7,2.4,128.099,30.925,7.2,11.1,10.2,2.5
1977Q4,7.9,5.3,2.2,203.8,269,38.6,6.5,-6.1,-1.5,0.5,-0.1,1.9,8.3,-5.9,-1.5,6.605399196,1.535996661,-0.076762338,30.3,-4.5,-1.1,4.2,-1.2,0.2,33.21873,2.8,0.7,-0.5688,0.23082,3.5,-1.7,2.8,0.7,422.299,7.8,2,84.649,8.165,6,25.1,8.1,2,1.715,0.5,0.1,0.016,0.002,0.5,0.9,0.5,0.1,51600,22.3,5.6,6100,2800,10.9,13.4,25,5.7,6.237,0.1,0,0.014,0.002,1.8,0.2,0.1,0,1324.804,11.6,2.9,132.396,37.899,7.2,11.1,12.3,2.9
1978Q1,3.2,2.3,-4.7,255.6,-97.3,-59.5,6.4,-6.2,-1.6,0.2,-0.1,1.9,3.2,-6,-1.5,6.606437041,0.748696455,0.001037845,12.8,0.1,0,3.6,-0.9,-0.6,33.5012,3.4,0.8,-0.15016,0.28247,3.5,-0.4,3.4,0.9,434.799,11.7,2.9,74.486,12.5,6.1,20.7,12.4,3,1.713,-0.5,-0.1,0.024,-0.002,0.5,1.4,-0.5,-0.1,53000,10.7,2.7,6700,1400,10.9,14.5,11.3,2.7,6.239,0.1,0,0.012,0.002,1.8,0.2,0.1,0,1354.053,8.7,2.2,125.841,29.249,7.2,10.2,9.1,2.2
1978Q2,4.3,0.5,1.1,13.2,226,34.4,6.6,12.3,3.1,0.1,0.2,1.9,1.5,13.1,3.1,6.961325967,0.11362821,0.354888926,1.7,23.3,5.4,5.2,1.1,1.6,32.12444,-16.8,-4.2,-0.67978,-1.37676,3.5,-2.1,-15.5,-4.1,470.584,31.6,7.9,80.881,35.785,6.2,20.8,37.2,8.2,1.78,15.3,3.8,0.079,0.067,0.6,4.6,16.6,3.9,55300,17,4.2,6400,2300,10.9,13.1,18.5,4.3,6.239,0,0,0.007,0,1.8,0.1,0,0,1411.385,16.6,4.1,155.405,57.332,7.3,12.4,18,4.2
1978Q3,3.1,-2.6,-1.2,-45.6,-73,-27.9,6.6,0,0,0,0,1.9,0,0,0,7.952069717,1.269908183,0.99074375,19,70.3,14.2,4.7,0.7,-0.5,32.21407,1.1,0.3,-0.77384,0.08963,3.5,-2.3,1.1,0.3,492.368,18.1,4.5,78.234,21.784,6.2,18.9,19.8,4.6,1.795,3.4,0.8,0.082,0.015,0.6,4.8,3.4,0.8,56100,5.7,1.4,7300,800,10.9,15,5.9,1.4,6.239,0,0,0.004,0,1.8,0.1,0,0,1442.217,8.6,2.2,155.312,30.832,7.3,12.1,9,2.2
1978Q4,2.7,-5.2,-0.4,-65.8,-42.5,-12.9,7,23.5,5.9,0.5,0.4,1.9,7.7,26.5,6.1,8.943965517,2.338566321,0.9918958,35.4,60,12.5,4,-0.2,-0.7,31.86206,-4.4,-1.1,-1.35667,-0.35201,3.5,-4.1,-4.3,-1.1,515.755,18.6,4.6,93.456,23.387,6.2,22.1,20.4,4.7,1.822,6,1.5,0.107,0.027,0.6,6.2,6.2,1.5,59000,20.2,5,7400,2900,11,14.3,22.3,5.2,6.238,-0.1,0,0.001,-0.001,1.8,0,-0.1,0,1481.354,10.7,2.7,156.55,39.137,7.3,11.8,11.3,2.7
1979Q1,4.9,1.7,2.2,53.1,984.7,81.5,6.8,-11.6,-2.9,0.4,-0.2,1.9,6.3,-10.9,-2.9,9.745762712,3.139325671,0.801797195,47.5,41,9,3.9,0.3,-0.1,31.53601,-4.1,-1,-1.96519,-0.32605,3.5,-5.9,-4,-1,525.809,7.7,1.9,91.01,10.054,6.3,20.9,8,1.9,1.832,2.2,0.5,0.119,0.01,0.6,6.9,2.2,0.5,60600,10.7,2.7,7600,1600,11,14.3,11.3,2.7,6.235,-0.2,0,-0.004,-0.003,1.8,-0.1,-0.2,0,1517.141,9.5,2.4,163.088,35.787,7.3,12,10,2.4
1979Q2,-3.6,-7.9,-8.5,-183.7,-70.9,-173.5,7.3,28.4,7.1,0.7,0.5,2,10.6,32.8,7.4,10.74380165,3.782475686,0.998038941,54.3,47.7,10.2,1.7,-3.5,-2.2,31.06277,-6,-1.5,-1.06167,-0.47324,3.4,-3.3,-5.9,-1.5,539.293,10.1,2.5,68.709,13.484,6.3,14.6,10.7,2.6,1.835,0.7,0.2,0.055,0.003,0.6,3.1,0.7,0.2,63100,16.2,4,7800,2500,11.1,14.1,17.6,4.1,6.232,-0.2,0,-0.007,-0.003,1.8,-0.1,-0.2,0,1557.635,10.5,2.6,146.25,40.494,7.4,10.4,11.1,2.7
1979Q3,1.8,-1.3,5.4,-41.9,-93.8,-150,7.4,5.4,1.4,0.8,0.1,2,12.1,5.6,1.4,11.75580222,3.803732503,1.012000567,47.8,43.3,9.4,2.2,-2.5,0.5,30.98402,-1,-0.3,-1.23005,-0.07875,3.4,-3.8,-1,-0.3,545.621,4.7,1.2,53.253,6.328,6.3,10.8,4.8,1.2,1.846,2.4,0.6,0.051,0.011,0.6,2.8,2.4,0.6,64700,10,2.5,8600,1600,11.1,15.3,10.5,2.5,6.228,-0.3,-0.1,-0.011,-0.004,1.8,-0.2,-0.3,-0.1,1611.867,13.7,3.4,169.65,54.232,7.4,11.8,14.7,3.5
1979Q4,0.7,-2,-1.1,-74.1,-97.7,-61.1,7.7,15.9,4,0.7,0.3,2,10,17.2,4.1,12.66073195,3.716766431,0.904929729,41.6,34.5,7.7,1.7,-2.3,-0.5,31.02615,0.5,0.1,-0.83591,0.04213,3.4,-2.6,0.5,0.1,547.875,1.6,0.4,32.12,2.254,6.3,6.2,1.7,0.4,1.857,2.4,0.6,0.035,0.011,0.6,1.9,2.4,0.6,62600,-13.2,-3.3,3600,-2100,11,6.1,-12.4,-3.2,6.223,-0.3,-0.1,-0.015,-0.005,1.8,-0.2,-0.3,-0.1,1655.035,10.6,2.6,173.681,43.168,7.4,11.7,11.2,2.7
1980Q1,1.4,-3.5,0.7,-71.4,1500,100,8.9,57.9,14.5,2.1,1.2,2.2,30.9,78.5,15.6,14.28571429,4.539951574,1.624982337,46.6,62.1,12.8,1,-2.9,-0.7,30.94982,-1,-0.2,-0.58619,-0.07633,3.4,-1.9,-1,-0.2,554.562,4.9,1.2,28.753,6.687,6.3,5.5,5,1.2,1.869,2.6,0.6,0.037,0.012,0.6,2,2.6,0.6,63700,7,1.7,3100,1100,11.1,5.1,7.2,1.8,6.217,-0.4,-0.1,-0.018,-0.006,1.8,-0.3,-0.4,-0.1,1702.302,11.3,2.8,185.161,47.267,7.4,12.2,11.9,2.9
1980Q2,-3.5,0.1,-4.9,-2.8,3806.3,-350,8.9,0,0,1.6,0,2.2,21.9,0,0,14.50559701,3.761795362,0.219882729,35,6.3,1.5,-1.2,-2.9,-2.2,31.37303,5.4,1.4,0.31026,0.42321,3.4,1,5.6,1.4,519.294,-26.3,-6.6,-19.999,-35.268,6.3,-3.7,-23.1,-6.4,1.847,-4.7,-1.2,0.012,-0.022,0.6,0.7,-4.6,-1.2,64000,1.9,0.5,900,300,11.1,1.4,1.9,0.5,6.21,-0.5,-0.1,-0.022,-0.007,1.8,-0.4,-0.4,-0.1,1704.723,0.6,0.1,147.088,2.421,7.4,9.4,0.6,0.1
1980Q3,4.6,2.8,8.1,155.6,198.4,-231.4,9.3,17.6,4.4,1.9,0.4,2.2,25.7,19.2,4.5,12.86681716,1.111014936,-1.638779859,9.5,-38.1,-11.3,-1.1,-3.3,0.1,31.77687,5.1,1.3,0.79285,0.40384,3.5,2.6,5.2,1.3,495.071,-19.1,-4.8,-50.55,-24.223,6.2,-9.3,-17.4,-4.7,1.831,-3.5,-0.9,-0.015,-0.016,0.6,-0.8,-3.4,-0.9,64900,5.6,1.4,200,900,11.1,0.3,5.7,1.4,6.203,-0.5,-0.1,-0.025,-0.007,1.8,-0.4,-0.5,-0.1,1763.771,13.6,3.4,151.904,59.048,7.5,9.4,14.6,3.5
1980Q4,5.6,4.9,1,700,119.6,21.7,9.7,16.8,4.2,2,0.4,2.3,26,18.3,4.3,12.64266901,-0.018062941,-0.224148148,-0.1,-6.8,-1.7,0,-1.7,1.1,31.157,-7.9,-2,0.13085,-0.61987,3.4,0.4,-7.6,-2,551.472,43.2,10.8,3.597,56.401,6.3,0.7,54,11.4,1.874,9.3,2.3,0.017,0.043,0.6,0.9,9.7,2.3,66400,9.1,2.3,3800,1500,11.1,6.1,9.6,2.3,6.195,-0.5,-0.1,-0.028,-0.008,1.8,-0.4,-0.5,-0.1,1831.874,15.2,3.8,176.839,68.103,7.5,10.7,16.4,3.9
1981Q1,-0.6,-2,-6.2,-142.9,-100,-110.7,9.4,-12.6,-3.1,0.5,-0.3,2.2,5.6,-11.8,-3.1,11.23310811,-3.052606178,-1.4095609,-21.4,-37.7,-11.1,0.5,-0.5,0.5,30.87284,-3.7,-0.9,-0.07698,-0.28416,3.4,-0.2,-3.6,-0.9,619.381,46.5,11.6,64.819,67.909,6.4,11.7,59.1,12.3,1.928,11.4,2.8,0.059,0.054,0.7,3.2,12,2.9,66800,2.4,0.6,3100,400,11.1,4.9,2.4,0.6,6.187,-0.5,-0.1,-0.03,-0.008,1.8,-0.5,-0.5,-0.1,1885.734,11.6,2.9,183.432,53.86,7.5,10.8,12.3,2.9
1981Q2,0.5,4,1.1,-114.3,-51.8,-183.3,9.1,-13,-3.2,0.2,-0.3,2.2,2.2,-12.2,-3.2,9.775967413,-4.729629601,-1.457140695,-32.6,-42.6,-13,2.8,4,2.3,30.70875,-2.1,-0.5,-0.66428,-0.16409,3.4,-2.1,-2.1,-0.5,609.843,-6.2,-1.6,90.549,-9.538,6.4,17.4,-6,-1.5,1.9,-5.9,-1.5,0.053,-0.028,0.6,2.9,-5.7,-1.5,69400,15.3,3.8,5400,2600,11.1,8.4,16.5,3.9,6.178,-0.6,-0.1,-0.032,-0.009,1.8,-0.5,-0.6,-0.1,1917.524,6.7,1.7,212.801,31.79,7.6,12.5,6.9,1.7
1981Q3,8.9,4.3,8.4,93.5,10038658.6,1680,8.7,-18,-4.5,-0.6,-0.4,2.2,-6.5,-16.5,-4.4,10.84,-2.026817156,1.064032587,-15.8,51.2,10.9,2.2,3.3,-0.6,30.60333,-1.4,-0.3,-1.17354,-0.10542,3.4,-3.7,-1.4,-0.3,652.297,26.9,6.7,157.226,42.454,6.5,31.8,30.9,7,1.925,5.2,1.3,0.094,0.025,0.7,5.1,5.4,1.3,69200,-1.2,-0.3,4300,-200,11.1,6.6,-1.1,-0.3,6.169,-0.6,-0.1,-0.034,-0.009,1.8,-0.5,-0.6,-0.1,1958.099,8.4,2.1,194.328,40.575,7.6,11,8.7,2.1
1981Q4,0.4,-5.2,-8.5,-92.9,-100,-95.5,8,-33.6,-8.4,-1.7,-0.7,2.1,-17.5,-28.5,-8,9.547934528,-3.094734479,-1.292065472,-24.5,-39.8,-11.9,0.1,0.1,-2.1,31.35587,9.7,2.4,0.19887,0.75254,3.4,0.6,10.2,2.5,643.395,-5.5,-1.4,91.923,-8.902,6.5,16.7,-5.3,-1.4,1.888,-7.8,-1.9,0.014,-0.037,0.6,0.7,-7.5,-1.9,70400,6.9,1.7,4000,1200,11.2,6,7.1,1.7,6.16,-0.6,-0.1,-0.035,-0.009,1.8,-0.6,-0.6,-0.1,1974.447,3.3,0.8,142.573,16.348,7.6,7.8,3.4,0.8
1982Q1,1,1.6,0.6,-266.7,3806.3,150,7.2,-42.1,-10.5,-2.2,-0.8,2,-23.4,-34.4,-10,7.593014427,-3.640093681,-1.954920102,-32.4,-60,-20.5,0.5,0,0.4,32.41298,13.3,3.3,1.54014,1.05711,3.5,5,14.2,3.4,588.318,-35.8,-8.9,-31.063,-55.077,6.4,-5,-30.1,-8.6,1.842,-9.9,-2.5,-0.086,-0.046,0.6,-4.5,-9.4,-2.4,66400,-23.4,-5.8,-400,-4000,11.1,-0.6,-20.9,-5.7,6.15,-0.6,-0.2,-0.037,-0.01,1.8,-0.6,-0.6,-0.2,2014.155,8,2,128.421,39.708,7.6,6.8,8.3,2
1982Q2,2.4,1.9,1.4,380,3217.8,140,6.6,-34.8,-8.7,-2.5,-0.6,1.9,-27.5,-29.4,-8.3,6.753246753,-3.02272066,-0.839767673,-30.9,-37.4,-11.1,0.8,-2,0.3,32.40213,-0.1,0,1.69338,-0.01085,3.5,5.5,-0.1,0,593.621,3.6,0.9,-16.222,5.303,6.4,-2.7,3.7,0.9,1.836,-1.3,-0.3,-0.064,-0.006,0.6,-3.4,-1.3,-0.3,69600,18.8,4.7,200,3200,11.2,0.3,20.7,4.8,6.141,-0.6,-0.1,-0.037,-0.009,1.8,-0.6,-0.6,-0.1,2039.645,5,1.3,122.121,25.49,7.6,6.4,5.2,1.3
1982Q3,1.9,-7,-0.5,-78.7,-60.7,-20.8,6.3,-18.6,-4.7,-2.4,-0.3,1.8,-27.6,-17,-4.5,5.774088777,-5.065911223,-0.979157977,-46.7,-46.6,-14.5,1,-1.2,0.2,33.9253,18.4,4.6,3.32197,1.52317,3.5,10.9,20.2,4.7,592.954,-0.4,-0.1,-59.343,-0.667,6.4,-9.1,-0.4,-0.1,1.825,-2.4,-0.6,-0.1,-0.011,0.6,-5.2,-2.4,-0.6,69300,-1.7,-0.4,100,-300,11.1,0.1,-1.7,-0.4,6.131,-0.7,-0.2,-0.038,-0.01,1.8,-0.6,-0.6,-0.2,2085.671,8.9,2.2,127.572,46.026,7.6,6.5,9.3,2.3
1982Q4,1.3,0.9,-0.6,225,-78.1,-31.6,5.9,-26.2,-6.6,-2.1,-0.4,1.8,-26.3,-23.1,-6.3,4.517965137,-5.029969391,-1.25612364,-52.7,-62.5,-21.8,3.5,3.4,2.5,35.18156,14.5,3.6,3.82569,1.25626,3.6,12.2,15.7,3.7,549.242,-30.6,-7.7,-94.153,-43.712,6.3,-14.6,-26.4,-7.4,1.804,-4.6,-1.2,-0.084,-0.021,0.6,-4.4,-4.5,-1.2,71600,13.1,3.3,1200,2300,11.2,1.7,14,3.3,6.122,-0.6,-0.1,-0.038,-0.009,1.8,-0.6,-0.6,-0.1,2145.554,11.3,2.8,171.107,59.883,7.7,8.7,12,2.9
1983Q1,3.8,2.8,2.5,280,7200.6,192.3,5.8,-6.8,-1.7,-1.4,-0.1,1.8,-19.4,-6.6,-1.7,3.59915314,-3.993861286,-0.918811997,-52.6,-59.7,-20.3,3.8,3.3,0.3,35.82911,7.3,1.8,3.41613,0.64755,3.6,10.5,7.6,1.8,565.52,11.7,2.9,-22.798,16.278,6.3,-3.9,12.4,3,1.745,-13.3,-3.3,-0.097,-0.059,0.6,-5.3,-12.5,-3.3,73300,9.4,2.3,6900,1700,11.2,10.4,9.8,2.4,6.112,-0.7,-0.2,-0.038,-0.01,1.8,-0.6,-0.7,-0.2,2184.589,7.2,1.8,170.434,39.035,7.7,8.5,7.5,1.8
1983Q2,2.8,0.4,-1,16.7,-70.5,-26.3,5.2,-43.7,-10.9,-1.4,-0.6,1.6,-21.2,-35.4,-10.3,3.336809176,-3.416437577,-0.262343964,-50.6,-26.1,-7.3,5.6,4.8,1.8,36.87167,11.5,2.9,4.46954,1.04256,3.6,13.8,12.2,2.9,613.783,32.8,8.2,20.162,48.263,6.4,3.4,38.8,8.5,1.753,1.8,0.5,-0.083,0.008,0.6,-4.5,1.8,0.5,74900,8.6,2.2,5300,1600,11.2,7.6,9,2.2,6.103,-0.6,-0.1,-0.038,-0.009,1.8,-0.6,-0.6,-0.1,2249.438,11.7,2.9,209.793,64.849,7.7,10.3,12.4,3
1983Q3,6.1,4.2,3.3,221.1,2152.6,117.9,5.1,-7.8,-1.9,-1.2,-0.1,1.6,-19,-7.5,-1.9,2.62708973,-3.146999046,-0.709719446,-54.5,-61.6,-21.3,6.7,5.7,1.1,37.3311,5,1.2,3.4058,0.45943,3.6,10,5.1,1.2,652.269,24.3,6.1,59.315,38.486,6.5,10,27.5,6.3,1.779,5.9,1.5,-0.046,0.026,0.6,-2.5,6.1,1.5,77400,13.1,3.3,8100,2500,11.3,11.7,14,3.3,6.094,-0.6,-0.1,-0.037,-0.009,1.8,-0.6,-0.6,-0.1,2319.895,12.3,3.1,234.224,70.457,7.7,11.2,13.1,3.1
1983Q4,9.2,7.9,3.1,607.7,417.4,50.8,4.5,-50.1,-12.5,-1.4,-0.6,1.5,-23.7,-39.4,-11.8,3.301565691,-1.216399446,0.67447596,-26.9,149.4,25.7,6.6,3.1,-0.1,37.17553,-1.7,-0.4,1.99397,-0.15557,3.6,5.7,-1.7,-0.4,718.496,38.7,9.7,169.254,66.227,6.6,30.8,47.2,10.2,1.797,4,1,-0.007,0.018,0.6,-0.4,4.1,1,75900,-7.8,-2,4300,-1500,11.2,6,-7.5,-1.9,6.085,-0.6,-0.1,-0.037,-0.009,1.8,-0.6,-0.6,-0.1,2372.496,9,2.2,226.942,52.601,7.8,10.6,9.4,2.3
1984Q1,8.2,4.4,-1,115.8,-36.9,-10.9,4.2,-27.6,-6.9,-1.6,-0.3,1.4,-27.6,-24.1,-6.7,4.529972752,0.930819612,1.228407061,25.9,254.4,37.2,6.4,2.6,-0.2,37.45447,3,0.7,1.62536,0.27894,3.6,4.5,3,0.8,790.872,38.4,9.6,225.352,72.376,6.7,39.8,46.8,10.1,1.812,3.3,0.8,0.067,0.015,0.6,3.8,3.4,0.8,78200,11.9,3,4900,2300,11.3,6.7,12.7,3,6.076,-0.6,-0.1,-0.036,-0.009,1.8,-0.6,-0.6,-0.1,2418.165,7.6,1.9,233.576,45.669,7.8,10.7,7.9,1.9
1984Q2,6.8,4,-1.4,142.9,-52.7,-17.1,4.6,36.4,9.1,-0.6,0.4,1.5,-11.5,43.9,9.5,4.339051463,1.002242287,-0.190921289,30,-15.8,-4.2,5.7,0.1,-0.7,37.72687,2.9,0.7,0.8552,0.2724,3.6,2.3,2.9,0.7,818.894,13.9,3.5,205.111,28.022,6.7,33.4,14.9,3.5,1.82,1.8,0.4,0.067,0.008,0.6,3.8,1.8,0.4,80700,12.6,3.1,5800,2500,11.3,7.7,13.4,3.2,6.066,-0.7,-0.2,-0.037,-0.01,1.8,-0.6,-0.7,-0.2,2475.876,9.4,2.4,226.438,57.711,7.8,10.1,9.9,2.4
1984Q3,5.4,-0.7,-1.4,-11.5,-60.2,-20.6,4,-55.9,-14,-1.1,-0.6,1.4,-21.6,-42.8,-13,4.255319149,1.628229418,-0.083732314,62,-7.5,-1.9,4.6,-2.1,-1.1,38.49586,8.1,2,1.16476,0.76899,3.7,3.1,8.4,2,838.852,9.6,2.4,186.583,19.958,6.7,28.6,10.1,2.4,1.829,2,0.5,0.05,0.009,0.6,2.8,2,0.5,81000,1.5,0.4,3600,300,11.3,4.7,1.5,0.4,6.057,-0.6,-0.1,-0.037,-0.009,1.8,-0.6,-0.6,-0.1,2513.523,6,1.5,193.628,37.647,7.8,8.3,6.2,1.5
1984Q4,3.3,-5.9,-2.1,-64.1,-86.1,-38.9,3.9,-10.1,-2.5,-0.6,-0.1,1.4,-13.3,-9.6,-2.5,4.085667216,0.784101525,-0.169651933,23.7,-15,-4,4.3,-2.3,-0.3,40.08547,16.2,4,2.90994,1.58961,3.7,7.8,17.6,4.1,831.741,-3.4,-0.9,113.245,-7.111,6.7,15.8,-3.3,-0.8,1.818,-2.4,-0.6,0.021,-0.011,0.6,1.2,-2.4,-0.6,79900,-5.5,-1.4,4000,-1100,11.3,5.3,-5.3,-1.4,6.048,-0.6,-0.1,-0.037,-0.009,1.8,-0.6,-0.6,-0.1,2561.797,7.6,1.9,189.301,48.274,7.8,8,7.9,1.9
1985Q1,-1,-9.2,-4.3,-112.2,-99.2,-130.3,4.3,39.1,9.8,0.1,0.4,1.5,2.4,47.8,10.3,3.584229391,-0.945743361,-0.501437825,-20.9,-40.8,-12.3,5.2,-1.2,0.9,40.44121,3.5,0.9,2.98674,0.35574,3.7,8,3.6,0.9,809.865,-10.7,-2.7,18.993,-21.876,6.7,2.4,-10.1,-2.6,1.799,-4.2,-1.1,-0.013,-0.019,0.6,-0.7,-4.1,-1,82800,14.3,3.6,4600,2900,11.3,5.9,15.3,3.6,6.038,-0.7,-0.2,-0.038,-0.01,1.8,-0.6,-0.7,-0.2,2636.008,11.4,2.9,217.843,74.211,7.9,9,12.1,2.9
1985Q2,8,1.2,9,17.6,409500,-900,3.9,-39.1,-9.8,-0.7,-0.4,1.4,-15.2,-32.3,-9.3,3.739522888,-0.599528575,0.155293498,-13.8,18.5,4.3,4.7,-1,-0.5,41.31983,8.6,2.1,3.59296,0.87862,3.7,9.5,9,2.2,827.04,8.4,2.1,8.146,17.175,6.7,1,8.8,2.1,1.795,-0.9,-0.2,-0.025,-0.004,0.6,-1.4,-0.9,-0.2,84300,7.2,1.8,3600,1500,11.3,4.5,7.4,1.8,6.029,-0.6,-0.1,-0.037,-0.009,1.8,-0.6,-0.6,-0.1,2681.764,6.9,1.7,205.888,45.756,7.9,8.3,7.1,1.7
1985Q3,-1.2,-6.6,-9.2,-122.2,-99.9,-115,4,10.1,2.5,0,0.1,1.4,0,10.7,2.6,3.348214286,-0.907104863,-0.391308603,-21.3,-35.7,-10.5,5.9,1.3,1.2,41.55909,2.3,0.6,3.06323,0.23926,3.7,8,2.3,0.6,822.157,-2.4,-0.6,-16.695,-4.883,6.7,-2,-2.3,-0.6,1.795,0,0,-0.034,0,0.6,-1.9,0,0,83200,-5.3,-1.3,2200,-1100,11.3,2.7,-5.1,-1.3,6.019,-0.7,-0.2,-0.038,-0.01,1.8,-0.6,-0.7,-0.2,2754.148,10.7,2.7,240.625,72.384,7.9,9.6,11.2,2.7
1985Q4,4.3,1,5.5,30.3,16387.3,-458.3,4,0,0,0.1,0,1.4,2.6,0,0,3.51377018,-0.571897035,0.165555895,-14,21.3,4.9,4.8,0.5,-1.1,43.78715,20.9,5.2,3.70168,2.22806,3.8,9.2,23.2,5.4,859.545,17.8,4.4,27.804,37.388,6.8,3.3,19.5,4.5,1.792,-0.7,-0.2,-0.026,-0.003,0.6,-1.4,-0.7,-0.2,86800,16.9,4.2,6900,3600,11.4,8.6,18.5,4.3,6.008,-0.7,-0.2,-0.04,-0.011,1.8,-0.7,-0.7,-0.2,2779.4,3.7,0.9,217.603,25.252,7.9,8.5,3.7,0.9
1986Q1,5.4,6.4,1.1,-640,148.7,25.6,3.7,-31.2,-7.8,-0.6,-0.3,1.3,-14,-26.8,-7.5,3.082730418,-0.501498972,-0.431039762,-14,-40.8,-12.3,4,-1.2,-0.8,44.07415,2.6,0.7,3.63294,0.287,3.8,9,2.6,0.7,863.457,1.8,0.5,53.592,3.912,6.8,6.6,1.8,0.5,1.792,0,0,-0.007,0,0.6,-0.4,0,0,88000,5.5,1.4,5200,1200,11.4,6.3,5.6,1.4,5.997,-0.7,-0.2,-0.041,-0.011,1.8,-0.7,-0.7,-0.2,2823.648,6.3,1.6,187.64,44.248,7.9,7.1,6.5,1.6
1986Q2,5.2,-2.8,-0.2,-35,-14,-3.7,3.6,-11,-2.7,-0.3,-0.1,1.3,-7.7,-10.4,-2.7,1.615910503,-2.123612385,-1.466819915,-56.8,-92.5,-47.6,4.1,-0.6,0.1,45.30682,11,2.8,3.98699,1.23267,3.8,9.6,11.7,2.8,855.237,-3.8,-1,28.197,-8.22,6.8,3.4,-3.8,-1,1.76,-7.2,-1.8,-0.035,-0.032,0.6,-1.9,-7,-1.8,92100,18.2,4.6,7800,4100,11.4,9.3,20,4.7,5.986,-0.7,-0.2,-0.043,-0.011,1.8,-0.7,-0.7,-0.2,2851.456,3.9,1,169.692,27.808,8,6.3,4,1
1986Q3,2.6,3.8,-2.6,-316.7,-93.8,-50,3.2,-47.1,-11.8,-0.8,-0.4,1.2,-20,-37.6,-11.1,1.635297748,-1.712916538,0.019387244,-51.2,4.9,1.2,4,-1.9,-0.1,46.12536,7.2,1.8,4.56627,0.81854,3.8,11,7.4,1.8,835.832,-9.2,-2.3,13.675,-19.405,6.7,1.7,-8.8,-2.3,1.741,-4.3,-1.1,-0.054,-0.019,0.6,-3,-4.2,-1.1,93000,3.9,1,9800,900,11.4,11.8,4,1,5.973,-0.9,-0.2,-0.046,-0.013,1.8,-0.8,-0.9,-0.2,2917.201,9.1,2.3,163.053,65.745,8,5.9,9.5,2.3
1986Q4,0.6,-3.7,-2,-86,-99.7,-76.9,3.3,12.3,3.1,-0.7,0.1,1.2,-17.5,13.1,3.1,1.28440367,-2.229366511,-0.350894078,-63.4,-61.9,-21.5,4.4,-0.4,0.4,47.55286,12.2,3,3.76571,1.4275,3.9,8.6,13,3.1,842.063,3,0.7,-17.482,6.231,6.7,-2,3,0.7,1.721,-4.6,-1.2,-0.071,-0.02,0.5,-4,-4.5,-1.1,95000,8.5,2.1,8200,2000,11.5,9.4,8.9,2.2,5.961,-0.8,-0.2,-0.047,-0.012,1.8,-0.8,-0.8,-0.2,2952.807,4.9,1.2,173.407,35.606,8,6.2,5,1.2
1987Q1,3.7,-1.7,3.1,-31.5,144511.2,516.7,2.8,-65.7,-16.4,-0.9,-0.5,1,-24.3,-48.2,-15.2,2.197131523,-0.885598896,0.912727853,-28.7,756.3,71.1,3.6,-0.4,-0.8,47.57835,0.2,0.1,3.5042,0.02549,3.9,8,0.2,0.1,871.196,13.6,3.4,7.739,29.133,6.8,0.9,14.6,3.5,1.718,-0.7,-0.2,-0.074,-0.003,0.5,-4.1,-0.7,-0.2,97900,12,3,9900,2900,11.5,11.3,12.8,3.1,5.947,-0.9,-0.2,-0.05,-0.014,1.8,-0.8,-0.9,-0.2,2983.513,4.1,1,159.865,30.706,8,5.7,4.2,1
1987Q2,-3.7,-8.9,-7.4,-171.2,0,-200,3.1,40.7,10.2,-0.5,0.3,1.1,-13.9,50.3,10.7,3.76146789,2.145557386,1.564336367,132.8,759,71.2,3.9,-0.2,0.3,48.04867,3.9,1,2.74185,0.47032,3.9,6.1,4,1,874.588,1.6,0.4,19.351,3.392,6.8,2.3,1.6,0.4,1.734,3.7,0.9,-0.026,0.016,0.6,-1.5,3.8,0.9,103400,21.9,5.5,11300,5500,11.5,12.3,24.4,5.6,5.933,-0.9,-0.2,-0.053,-0.014,1.8,-0.9,-0.9,-0.2,3053.33,9.3,2.3,201.874,69.817,8,7.1,9.7,2.3
1987Q3,7.4,4.8,11.1,184.6,1500,-300,3.3,25,6.3,0.1,0.2,1.2,3.1,28.4,6.5,4.189435337,2.554137589,0.427967447,156.2,53.9,11.4,3.3,-0.7,-0.6,48.1165,0.6,0.1,1.99114,0.06783,3.9,4.3,0.6,0.1,876.466,0.9,0.2,40.634,1.878,6.8,4.9,0.9,0.2,1.751,3.9,1,0.01,0.017,0.6,0.6,4,1,106000,9.9,2.5,13000,2600,11.6,14,10.4,2.5,5.917,-1.1,-0.3,-0.056,-0.016,1.8,-0.9,-1.1,-0.3,3117.358,8.3,2.1,200.157,64.028,8,6.9,8.7,2.1
1987Q4,5.5,4.9,-1.9,816.7,-69.5,-25.7,3.6,34.8,8.7,0.3,0.3,1.3,9.1,41.6,9.1,4.498792271,3.214388601,0.309356934,250.3,33,7.4,2.8,-1.6,-0.5,48.55667,3.6,0.9,1.00381,0.44017,3.9,2.1,3.7,0.9,946.459,30.7,7.7,104.396,69.993,6.9,12.4,36,8,1.776,5.7,1.4,0.055,0.025,0.6,3.2,5.8,1.4,111500,20.2,5.1,16500,5500,11.6,17.4,22.4,5.2,5.901,-1.1,-0.3,-0.06,-0.016,1.8,-1,-1.1,-0.3,3150.916,4.3,1.1,198.109,33.558,8.1,6.7,4.4,1.1
1988Q1,6,2.3,0.5,62.2,41.6,9.1,3.9,32,8,1.1,0.3,1.4,39.3,37.7,8.3,3.971334727,1.774203204,-0.527457544,80.8,-39.3,-11.7,4.6,1,1.8,49.03151,3.9,1,1.45316,0.47484,3.9,3.1,4,1,908.569,-16.3,-4.1,37.373,-37.89,6.8,4.3,-15.1,-4,1.768,-1.8,-0.5,0.05,-0.008,0.6,2.9,-1.8,-0.5,110000,-5.4,-1.4,12100,-1500,11.6,12.4,-5.3,-1.3,5.885,-1.1,-0.3,-0.062,-0.016,1.8,-1,-1.1,-0.3,3231.896,10.2,2.5,248.383,80.98,8.1,8.3,10.7,2.6
1988Q2,4.2,7.9,-1.8,-213.5,-76,-30,4.2,29.6,7.4,1.1,0.3,1.4,35.5,34.5,7.7,3.919834954,0.158367064,-0.051499772,4.2,-5.1,-1.3,3.9,0,-0.7,49.08744,0.5,0.1,1.03877,0.05593,3.9,2.2,0.5,0.1,934.525,11.3,2.8,59.937,25.956,6.8,6.9,11.9,2.9,1.774,1.4,0.3,0.04,0.006,0.6,2.3,1.4,0.3,110000,0,0,6600,0,11.6,6.4,0,0,5.867,-1.2,-0.3,-0.066,-0.018,1.8,-1.1,-1.2,-0.3,3291.716,7.3,1.8,238.386,59.82,8.1,7.8,7.6,1.9
1988Q3,3.9,-3.5,-0.3,-47.3,-25.7,-7.1,4.4,18.6,4.7,1.1,0.2,1.5,33.3,20.5,4.8,4.108391608,-0.081043729,0.188556654,-1.9,20.7,4.8,3.6,0.3,-0.3,49.25732,1.4,0.3,1.14082,0.16988,3.9,2.4,1.4,0.3,942.009,3.2,0.8,65.543,7.484,6.8,7.5,3.2,0.8,1.79,3.6,0.9,0.039,0.016,0.6,2.2,3.7,0.9,115000,17.8,4.4,9000,5000,11.7,8.5,19.5,4.5,5.849,-1.2,-0.3,-0.068,-0.018,1.8,-1.1,-1.2,-0.3,3361.899,8.4,2.1,244.541,70.183,8.1,7.8,8.8,2.1
1988Q4,3.8,-1.7,-0.1,-30.9,-9.9,-2.6,4.5,9,2.2,0.9,0.1,1.5,25,9.4,2.3,4.305114129,-0.193678142,0.19672252,-4.3,20.6,4.8,4.6,1.8,1,49.71548,3.7,0.9,1.15881,0.45816,3.9,2.4,3.8,0.9,962.748,8.7,2.2,16.289,20.739,6.9,1.7,9.1,2.2,1.813,5.1,1.3,0.037,0.023,0.6,2.1,5.2,1.3,113900,-3.8,-1,2400,-1100,11.6,2.2,-3.8,-1,5.83,-1.3,-0.3,-0.071,-0.019,1.8,-1.2,-1.3,-0.3,3434.539,8.6,2.1,283.623,72.64,8.1,9,8.9,2.2
1989Q1,4.6,-1.4,0.8,-23.3,114.7,21.1,4.7,17.4,4.3,0.8,0.2,1.5,20.5,19,4.4,4.824813326,0.853478599,0.519699197,21.5,57.8,12.1,3.3,-1.3,-1.3,49.73276,0.1,0,0.70125,0.01728,3.9,1.4,0.1,0,1005.487,17.4,4.3,96.918,42.739,6.9,10.7,19,4.4,1.84,5.9,1.5,0.072,0.027,0.6,4.1,6.1,1.5,118000,14.1,3.5,8000,4100,11.7,7.3,15.2,3.6,5.811,-1.3,-0.3,-0.074,-0.019,1.8,-1.3,-1.3,-0.3,3490.172,6.4,1.6,258.276,55.633,8.2,8,6.6,1.6
1989Q2,-1.2,-5.4,-5.8,-128.6,-99.5,-126.1,4.3,-35.6,-8.9,0.1,-0.4,1.5,2.4,-29.9,-8.5,5.218377765,1.298542811,0.393564439,33.1,36.8,8.2,3,-0.9,-0.3,49.8876,1.2,0.3,0.80016,0.15484,3.9,1.6,1.3,0.3,1001.047,-1.8,-0.4,66.522,-4.44,6.9,7.1,-1.8,-0.4,1.861,4.5,1.1,0.087,0.021,0.6,4.9,4.6,1.1,118900,3,0.8,8900,900,11.7,8.1,3.1,0.8,5.791,-1.4,-0.3,-0.076,-0.02,1.8,-1.3,-1.4,-0.3,3553.767,7.2,1.8,262.051,63.595,8.2,8,7.5,1.8
1989Q3,2.7,-1.2,3.9,-30.8,2462.9,-325,3.9,-39.1,-9.8,-0.5,-0.4,1.4,-11.4,-32.3,-9.3,4.673943465,0.565551856,-0.5444343,13.8,-35.6,-10.4,3.1,-0.5,0.1,50.17117,2.3,0.6,0.91385,0.28357,3.9,1.9,2.3,0.6,996.46,-1.8,-0.5,54.451,-4.587,6.9,5.8,-1.8,-0.5,1.853,-1.7,-0.4,0.063,-0.008,0.6,3.5,-1.7,-0.4,120000,3.7,0.9,5000,1100,11.7,4.3,3.8,0.9,5.772,-1.3,-0.3,-0.077,-0.019,1.8,-1.3,-1.3,-0.3,3609.399,6.2,1.6,247.5,55.632,8.2,7.4,6.4,1.6
1989Q4,3.4,-0.4,0.7,-10.5,151.5,25.9,3.7,-21.1,-5.3,-0.8,-0.2,1.3,-17.8,-19,-5.1,4.59833795,0.293223821,-0.075605515,6.8,-6.3,-1.6,2.4,-2.2,-0.7,51.38111,9.5,2.4,1.66563,1.20994,3.9,3.4,10,2.4,995.809,-0.3,-0.1,33.061,-0.651,6.9,3.4,-0.3,-0.1,1.834,-4.1,-1,0.021,-0.019,0.6,1.2,-4,-1,124800,15.7,3.9,10900,4800,11.7,9.6,17,4,5.752,-1.4,-0.3,-0.078,-0.02,1.7,-1.3,-1.4,-0.3,3653.692,4.9,1.2,219.153,44.293,8.2,6.4,5,1.2
1990Q1,3.1,-1.5,-0.3,-32.6,-30.9,-8.8,3.8,10.7,2.7,-0.9,0.1,1.3,-19.1,11.3,2.7,5.232876712,0.408063387,0.634538762,8.5,67.7,13.8,2.7,-0.6,0.3,51.96856,4.5,1.1,2.2358,0.58745,4,4.5,4.7,1.1,1010.838,6,1.5,5.351,15.029,6.9,0.5,6.2,1.5,1.848,3,0.8,0.008,0.014,0.6,0.4,3.1,0.8,123900,-2.9,-0.7,5900,-900,11.7,5,-2.9,-0.7,5.732,-1.4,-0.3,-0.079,-0.02,1.7,-1.4,-1.4,-0.3,3737.948,9.1,2.3,247.776,84.256,8.2,7.1,9.5,2.3
1990Q2,2.8,4,-0.3,-333.3,-33.4,-9.7,4,20.5,5.1,-0.3,0.2,1.4,-7,22.8,5.3,4.582210243,-0.636167523,-0.65066647,-12.2,-41.2,-12.4,2.6,-0.4,-0.1,52.7473,5.9,1.5,2.8597,0.77874,4,5.7,6.1,1.5,1014.72,1.5,0.4,13.673,3.882,6.9,1.4,1.5,0.4,1.859,2.4,0.6,-0.002,0.011,0.6,-0.1,2.4,0.6,126800,9.3,2.3,7900,2900,11.8,6.6,9.7,2.3,5.713,-1.3,-0.3,-0.078,-0.019,1.7,-1.3,-1.3,-0.3,3783.421,4.8,1.2,229.654,45.473,8.2,6.5,5,1.2
1990Q3,-0.1,-2.8,-2.9,-103.7,-100,-103.6,4.3,28.9,7.2,0.4,0.3,1.5,10.3,33.5,7.5,5.534759358,0.860815893,0.952549116,18.4,112.9,20.8,2,-1.1,-0.6,53.75313,7.6,1.9,3.58196,1.00583,4,7.1,7.8,1.9,1000.785,-5.5,-1.4,4.325,-13.935,6.9,0.4,-5.4,-1.4,1.856,-0.6,-0.2,0.003,-0.003,0.6,0.2,-0.6,-0.2,117000,-32.2,-8,-3000,-9800,11.7,-2.5,-27.5,-7.7,5.693,-1.4,-0.4,-0.079,-0.02,1.7,-1.4,-1.4,-0.4,3846.7,6.6,1.7,237.301,63.279,8.3,6.6,6.9,1.7
1990Q4,-3.4,-6.8,-3.3,-200,133633500,3300,4.2,-9.4,-2.4,0.5,-0.1,1.4,13.5,-9,-2.3,6.223516949,1.625178999,0.688757591,35.3,59.9,12.4,0.8,-1.6,-1.2,56.03613,16.6,4.2,4.65502,2.283,4,9.1,18.1,4.2,947.453,-21.9,-5.5,-48.356,-53.332,6.9,-4.9,-19.7,-5.3,1.839,-3.7,-0.9,0.005,-0.017,0.6,0.3,-3.6,-0.9,121500,15.1,3.8,-3300,4500,11.7,-2.6,16.3,3.8,5.674,-1.3,-0.3,-0.078,-0.019,1.7,-1.4,-1.3,-0.3,3867.909,2.2,0.5,214.217,21.209,8.3,5.9,2.2,0.6
1991Q1,1,-2.1,4.4,-67.7,-99.3,-129.4,3.9,-29.6,-7.4,0.1,-0.3,1.4,2.6,-25.7,-7.1,5.28508201,0.052205298,-0.938434939,1,-48,-15.1,-0.4,-3.1,-1.2,57.41652,9.7,2.4,5.44796,1.38039,4.1,10.5,10.2,2.5,924.569,-9.8,-2.4,-86.269,-22.884,6.8,-8.5,-9.3,-2.4,1.826,-2.8,-0.7,-0.022,-0.013,0.6,-1.2,-2.8,-0.7,120000,-5,-1.2,-3900,-1500,11.7,-3.1,-4.8,-1.2,5.656,-1.3,-0.3,-0.076,-0.018,1.7,-1.3,-1.3,-0.3,3873.562,0.6,0.1,135.614,5.653,8.3,3.6,0.6,0.1
1991Q2,3,0.2,2,7.1,8000,200,3.6,-32,-8,-0.4,-0.3,1.3,-10,-27.4,-7.7,4.845360825,0.263150582,-0.439721185,5.7,-29.4,-8.3,0.1,-2.5,0.5,57.74551,2.3,0.6,4.99821,0.32899,4.1,9.5,2.3,0.6,926.541,0.9,0.2,-88.179,1.972,6.8,-8.7,0.9,0.2,1.833,1.5,0.4,-0.026,0.007,0.6,-1.4,1.5,0.4,119900,-0.3,-0.1,-6900,-100,11.7,-5.4,-0.3,-0.1,5.637,-1.3,-0.3,-0.076,-0.019,1.7,-1.3,-1.3,-0.3,3926.932,5.5,1.4,143.511,53.37,8.3,3.8,5.6,1.4
1991Q3,1.6,1.7,-1.4,-1700,-91.9,-46.7,3.4,-22.9,-5.7,-0.9,-0.2,1.2,-20.9,-20.4,-5.6,3.876361794,-1.658397565,-0.968999031,-30,-59,-20,0.2,-1.8,0.1,59.06123,9,2.3,5.3081,1.31572,4.1,9.9,9.4,2.3,947.476,8.9,2.2,-53.309,20.935,6.9,-5.3,9.3,2.3,1.85,3.7,0.9,-0.006,0.017,0.6,-0.3,3.8,0.9,120000,0.3,0.1,3000,100,11.7,2.6,0.3,0.1,5.619,-1.3,-0.3,-0.074,-0.018,1.7,-1.3,-1.3,-0.3,3973.269,4.7,1.2,126.569,46.337,8.3,3.3,4.8,1.2
1991Q4,3.4,6.8,1.8,-200,1939.1,112.5,3.4,0,0,-0.8,0,1.2,-19,0,0,2.991772625,-3.231744324,-0.884589168,-51.9,-64.5,-22.8,0.9,0.1,0.7,60.68599,10.9,2.7,4.64986,1.62476,4.1,8.3,11.5,2.8,978.788,13,3.3,31.335,31.312,6.9,3.3,13.9,3.3,1.861,2.4,0.6,0.022,0.011,0.6,1.2,2.4,0.6,120000,0,0,-1500,0,11.7,-1.2,0,0,5.602,-1.2,-0.3,-0.072,-0.017,1.7,-1.3,-1.2,-0.3,4000.032,2.7,0.7,132.123,26.763,8.3,3.4,2.7,0.7
1992Q1,8.3,7.3,4.9,730,3451.4,144.1,3.3,-11.9,-3,-0.6,-0.1,1.2,-15.4,-11.3,-2.9,2.868447082,-2.416634928,-0.123325543,-45.7,-15.5,-4.1,3.2,3.6,2.3,60.99679,2,0.5,3.58027,0.3108,4.1,6.2,2.1,0.5,956.817,-9.1,-2.3,32.248,-21.971,6.9,3.5,-8.7,-2.2,1.874,2.8,0.7,0.048,0.013,0.6,2.6,2.8,0.7,119500,-1.7,-0.4,-500,-500,11.7,-0.4,-1.7,-0.4,5.585,-1.2,-0.3,-0.071,-0.017,1.7,-1.3,-1.2,-0.3,4100.401,9.9,2.5,226.839,100.369,8.3,5.9,10.4,2.5
1992Q2,4,1,-4.3,33.3,-94.6,-51.8,3.2,-12.3,-3.1,-0.4,-0.1,1.2,-11.1,-11.6,-3,3.097345133,-1.748015692,0.228898051,-36.1,35.9,8,3,2.9,-0.2,61.57938,3.8,1,3.83387,0.58259,4.1,6.6,3.9,1,1013.084,22.9,5.7,86.543,56.267,6.9,9.3,25.7,5.9,1.905,6.6,1.6,0.072,0.031,0.6,3.9,6.8,1.7,120000,1.7,0.4,100,500,11.7,0.1,1.7,0.4,5.569,-1.1,-0.3,-0.068,-0.016,1.7,-1.2,-1.1,-0.3,4155.66,5.4,1.3,228.728,55.259,8.3,5.8,5.5,1.3
1992Q3,1.9,0.3,-2.1,18.8,-94.9,-52.5,2.9,-39.4,-9.8,-0.5,-0.3,1.1,-14.7,-32.5,-9.4,3.097560976,-0.778800818,0.000215843,-20.1,0,0,3.6,3.4,0.6,61.89802,2.1,0.5,2.83679,0.31864,4.1,4.8,2.1,0.5,1024.162,4.4,1.1,76.686,11.078,6.9,8.1,4.4,1.1,1.931,5.4,1.4,0.081,0.026,0.7,4.4,5.6,1.4,120000,0,0,0,0,11.7,0,0,0,5.553,-1.2,-0.3,-0.066,-0.016,1.7,-1.2,-1.1,-0.3,4226.971,6.8,1.7,253.702,71.311,8.3,6.4,7,1.7
1992Q4,1.8,-1.6,-0.1,-47.1,-19.4,-5.3,2.8,-14,-3.5,-0.6,-0.1,1,-17.6,-13.1,-3.4,3.050108932,0.058336307,-0.047452043,1.9,-6,-1.5,4.9,4,1.3,62.52256,4,1,1.83657,0.62454,4.1,3,4.1,1,1057.962,13,3.2,79.174,33.8,7,8.1,13.9,3.3,1.951,4.1,1,0.09,0.02,0.7,4.8,4.2,1,126000,19.5,4.9,6000,6000,11.7,5,21.6,5,5.537,-1.2,-0.3,-0.065,-0.016,1.7,-1.2,-1.1,-0.3,4307.205,7.5,1.9,307.173,80.234,8.4,7.7,7.8,1.9
1993Q1,1.5,-6.8,-0.3,-81.9,-51.8,-16.7,2.7,-14.5,-3.6,-0.6,-0.1,1,-18.2,-13.5,-3.6,3.197115385,0.328668303,0.147006452,11.5,20.7,4.8,3.4,0.2,-1.5,62.86657,2.2,0.5,1.86978,0.34401,4.1,3.1,2.2,0.6,1083.829,9.7,2.4,127.012,25.867,7,13.3,10.1,2.4,1.971,4.1,1,0.097,0.02,0.7,5.2,4.2,1,125000,-3.2,-0.8,5500,-1000,11.7,4.6,-3.1,-0.8,5.522,-1.1,-0.3,-0.063,-0.015,1.7,-1.1,-1.1,-0.3,4349.515,3.9,1,249.114,42.31,8.4,6.1,4,1
1993Q2,1.2,-2.8,-0.3,-70,-59,-20,2.8,14.5,3.6,-0.4,0.1,1,-12.5,15.7,3.7,3.147353362,0.050008229,-0.049762023,1.6,-6.1,-1.6,3.6,0.6,0.2,63.91524,6.6,1.7,2.33586,1.04867,4.2,3.8,6.8,1.7,1094.479,3.9,1,81.395,10.65,7,8,4,1,1.985,2.8,0.7,0.08,0.014,0.7,4.2,2.9,0.7,127000,6.3,1.6,7000,2000,11.8,5.8,6.6,1.6,5.507,-1.1,-0.3,-0.062,-0.015,1.7,-1.1,-1.1,-0.3,4418.581,6.3,1.6,262.921,69.066,8.4,6.3,6.5,1.6
1993Q3,0.3,-1.6,-0.9,-84.2,-99.6,-75,2.8,0,0,-0.1,0,1,-3.4,0,0,2.744263071,-0.353297905,-0.403090291,-11.4,-42.2,-12.8,3.6,0,0,64.10093,1.2,0.3,2.20291,0.18569,4.2,3.6,1.2,0.3,1095.852,0.5,0.1,71.69,1.373,7,7,0.5,0.1,1.997,2.4,0.6,0.066,0.012,0.7,3.4,2.4,0.6,127000,0,0,7000,0,11.8,5.8,0,0,5.493,-1,-0.3,-0.06,-0.014,1.7,-1.1,-1,-0.3,4487.189,6.2,1.5,260.218,68.608,8.4,6.2,6.4,1.6
1993Q4,2.8,1,2.5,55.6,758734.6,833.3,2.5,-45.3,-11.3,-0.3,-0.3,0.9,-10.7,-36.4,-10.7,2.724923655,-0.325185277,-0.019339416,-10.7,-2.8,-0.7,3.3,-1.6,-0.3,64.66861,3.5,0.9,2.14605,0.56768,4.2,3.4,3.6,0.9,1153.142,20.4,5.1,95.18,57.29,7.1,9,22.6,5.2,2.023,5.2,1.3,0.072,0.026,0.7,3.7,5.3,1.3,127000,0,0,1000,0,11.8,0.8,0,0,5.48,-0.9,-0.2,-0.057,-0.013,1.7,-1,-0.9,-0.2,4552.651,5.8,1.4,245.446,65.462,8.4,5.7,6,1.5
1994Q1,2.7,1.2,-0.1,80,-13.5,-3.6,2.3,-33.4,-8.3,-0.4,-0.2,0.8,-14.8,-28.4,-8,2.51572327,-0.681392114,-0.209200385,-21.3,-27.4,-7.7,4.1,0.7,0.8,64.30709,-2.2,-0.6,1.44052,-0.36152,4.2,2.3,-2.2,-0.6,1201.675,16.5,4.1,117.846,48.533,7.1,10.9,17.9,4.2,2.047,4.7,1.2,0.076,0.024,0.7,3.9,4.8,1.2,130000,9.3,2.3,5000,3000,11.8,4,9.8,2.4,5.467,-1,-0.2,-0.055,-0.013,1.7,-1,-0.9,-0.2,4621.223,6,1.5,271.708,68.572,8.4,6.2,6.2,1.5
1994Q2,4.1,2.9,1.4,241.7,431.7,51.9,2.2,-17.8,-4.4,-0.6,-0.1,0.8,-21.4,-16.3,-4.3,2.380952381,-0.766400981,-0.134770889,-24.4,-19.8,-5.4,4,0.4,-0.1,64.10716,-1.2,-0.3,0.19192,-0.19993,4.2,0.3,-1.2,-0.3,1264.948,20.5,5.1,170.469,63.273,7.1,15.6,22.8,5.3,2.08,6.4,1.6,0.095,0.033,0.7,4.8,6.6,1.6,130000,0,0,3000,0,11.8,2.4,0,0,5.454,-1,-0.2,-0.053,-0.013,1.7,-1,-0.9,-0.2,4683.163,5.3,1.3,264.582,61.94,8.5,6,5.5,1.3
1994Q3,2.4,2.1,-1.7,700,-88.3,-41.5,2.2,0,0,-0.6,0,0.8,-21.4,0,0,2.878194796,0.133931725,0.497242415,4.9,113.5,20.9,3.6,0,-0.4,64.01176,-0.6,-0.1,-0.08917,-0.0954,4.2,-0.1,-0.6,-0.1,1251.749,-4.2,-1,155.897,-13.199,7.1,14.2,-4.1,-1,2.103,4.4,1.1,0.106,0.023,0.7,5.3,4.5,1.1,129700,-0.9,-0.2,2700,-300,11.8,2.1,-0.9,-0.2,5.442,-0.9,-0.2,-0.051,-0.012,1.7,-0.9,-0.9,-0.2,4752.761,5.9,1.5,265.572,69.598,8.5,5.9,6.1,1.5
1994Q4,5.9,3.1,3.5,110.7,3552.3,145.8,2.2,0,0,-0.3,0,0.8,-12,0,0,2.652641207,-0.072282448,-0.225553589,-2.7,-27.9,-7.8,3.8,0.5,0.2,64.38584,2.3,0.6,-0.28277,0.37408,4.2,-0.4,2.4,0.6,1307.566,17.5,4.4,154.424,55.817,7.2,13.4,19.1,4.5,2.139,6.8,1.7,0.116,0.036,0.8,5.7,7,1.7,132000,7,1.8,5000,2300,11.8,3.9,7.3,1.8,5.431,-0.8,-0.2,-0.049,-0.011,1.7,-0.9,-0.8,-0.2,4826.713,6.2,1.5,274.062,73.952,8.5,6,6.4,1.6
1995Q1,3.5,0.8,-2.4,29.6,-87.6,-40.7,2.3,17.8,4.4,0,0.1,0.8,0,19.5,4.5,2.840263576,0.324540306,0.187622369,12.9,31.4,7.1,2.9,-1.2,-0.9,64.66271,1.7,0.4,0.35562,0.27687,4.2,0.6,1.7,0.4,1327.586,6.1,1.5,125.911,20.02,7.2,10.5,6.3,1.5,2.155,3,0.7,0.108,0.016,0.8,5.3,3,0.7,130000,-6.1,-1.5,0,-2000,11.8,0,-5.9,-1.5,5.42,-0.8,-0.2,-0.047,-0.011,1.7,-0.9,-0.8,-0.2,4862.436,2.9,0.7,241.213,35.723,8.5,5.2,3,0.7
1995Q2,1.1,-3,-2.4,-73.2,-99,-68.6,2.2,-17.8,-4.4,0,-0.1,0.8,0,-16.3,-4.3,3.09324904,0.712296659,0.252985464,29.9,40.7,8.9,3,-1,0.1,65.31294,4,1,1.20578,0.65023,4.2,1.9,4.1,1,1303.988,-7.2,-1.8,39.04,-23.598,7.2,3.1,-6.9,-1.8,2.151,-0.7,-0.2,0.071,-0.004,0.8,3.4,-0.7,-0.2,133900,11.8,3,3900,3900,11.8,3,12.6,3,5.409,-0.8,-0.2,-0.045,-0.011,1.7,-0.8,-0.8,-0.2,4933.609,5.8,1.5,250.446,71.173,8.5,5.3,6,1.5
1995Q3,3.7,1.3,2.6,54.2,12700.8,236.4,2.1,-18.6,-4.7,-0.1,-0.1,0.7,-4.5,-17,-4.5,2.641002686,-0.23719211,-0.452246355,-8.2,-46.9,-14.6,3.1,-0.5,0.1,64.73906,-3.5,-0.9,0.7273,-0.57388,4.2,1.1,-3.5,-0.9,1303.248,-0.2,-0.1,51.499,-0.74,7.2,4.1,-0.2,-0.1,2.142,-1.7,-0.4,0.039,-0.009,0.8,1.9,-1.7,-0.4,132000,-5.7,-1.4,2300,-1900,11.8,1.8,-5.6,-1.4,5.399,-0.7,-0.2,-0.043,-0.01,1.7,-0.8,-0.7,-0.2,4998.662,5.2,1.3,245.901,65.053,8.5,5.2,5.4,1.3
1995Q4,2.4,-3.5,-1.3,-59.3,-82.3,-35.1,2.1,0,0,-0.1,0,0.7,-4.5,0,0,2.650924482,-0.001716725,0.009921796,-0.1,1.5,0.4,2.8,-1,-0.3,64.18282,-3.5,-0.9,-0.20302,-0.55624,4.2,-0.3,-3.4,-0.9,1335.135,9.7,2.4,27.569,31.887,7.2,2.1,10.2,2.4,2.147,0.9,0.2,0.008,0.005,0.8,0.4,0.9,0.2,138000,17.8,4.4,6000,6000,11.8,4.5,19.5,4.5,5.389,-0.7,-0.2,-0.042,-0.01,1.7,-0.8,-0.7,-0.2,5055.655,4.5,1.1,228.942,56.993,8.5,4.7,4.6,1.1
1996Q1,3.8,0.3,1.4,8.6,528.5,58.3,2,-19.5,-4.9,-0.3,-0.1,0.7,-13,-17.7,-4.8,2.739726027,-0.100537549,0.088801545,-3.5,14.1,3.3,3.4,0.5,0.6,65.04171,5.3,1.3,0.379,0.85889,4.2,0.6,5.5,1.3,1355.353,6,1.5,27.767,20.218,7.2,2.1,6.2,1.5,2.147,0,0,-0.008,0,0.8,-0.4,0,0,137000,-2.9,-0.7,7000,-1000,11.8,5.4,-2.9,-0.7,5.379,-0.7,-0.2,-0.041,-0.01,1.7,-0.8,-0.7,-0.2,5130.615,5.9,1.5,268.179,74.96,8.5,5.5,6.1,1.5
1996Q2,3.7,2.6,-0.1,236.4,-10.1,-2.6,1.9,-20.5,-5.1,-0.3,-0.1,0.6,-13.6,-18.5,-5,2.847130968,-0.246118072,0.107404941,-8,16.6,3.9,3.6,0.6,0.2,64.2497,-4.9,-1.2,-1.06324,-0.79201,4.2,-1.6,-4.8,-1.2,1418.388,18.2,4.5,114.4,63.035,7.3,8.8,19.9,4.7,2.165,3.3,0.8,0.014,0.018,0.8,0.7,3.4,0.8,139900,8.4,2.1,6000,2900,11.8,4.5,8.7,2.1,5.369,-0.7,-0.2,-0.04,-0.01,1.7,-0.7,-0.7,-0.2,5220.499,6.9,1.7,286.89,89.884,8.6,5.8,7.2,1.8
1996Q3,3.3,-0.4,-0.4,-10.8,-36.7,-10.8,1.8,-21.6,-5.4,-0.3,-0.1,0.6,-14.3,-19.4,-5.3,2.943741823,0.302739137,0.096610855,11.5,14.3,3.4,3.3,0.2,-0.3,64.25469,0,0,-0.48437,0.00499,4.2,-0.7,0,0,1474.35,15.5,3.9,171.102,55.962,7.3,13.1,16.7,3.9,2.171,1.1,0.3,0.029,0.006,0.8,1.4,1.1,0.3,140000,0.3,0.1,8000,100,11.8,6.1,0.3,0.1,5.36,-0.7,-0.2,-0.039,-0.009,1.7,-0.7,-0.7,-0.2,5274.505,4.1,1,275.843,54.006,8.6,5.5,4.2,1
1996Q4,2.1,-0.3,-1.2,-12.5,-83.6,-36.4,1.9,21.6,5.4,-0.2,0.1,0.6,-9.5,24.1,5.6,3.190104167,0.539179685,0.246362344,20.3,37.9,8.4,3.4,0.6,0.1,64.44697,1.2,0.3,0.26415,0.19228,4.2,0.4,1.2,0.3,1480.128,1.6,0.4,144.993,5.778,7.3,10.9,1.6,0.4,2.179,1.5,0.4,0.032,0.008,0.8,1.5,1.5,0.4,144100,11.5,2.9,6100,4100,11.9,4.4,12.2,2.9,5.35,-0.7,-0.2,-0.039,-0.01,1.7,-0.7,-0.7,-0.2,5352.763,5.9,1.5,297.108,78.258,8.6,5.9,6.1,1.5
1997Q1,3.9,0.1,1.8,2.6,1089.5,85.7,1.9,0,0,-0.1,0,0.6,-5,0,0,2.946236559,0.206510532,-0.243867608,7.5,-27.2,-7.6,3.6,0.2,0.2,64.34428,-0.6,-0.2,-0.69743,-0.10269,4.2,-1.1,-0.6,-0.2,1522.404,11.3,2.8,167.051,42.276,7.3,12.3,11.9,2.9,2.179,0,0,0.032,0,0.8,1.5,0,0,145000,2.5,0.6,8000,900,11.9,5.8,2.5,0.6,5.341,-0.7,-0.2,-0.038,-0.009,1.7,-0.7,-0.7,-0.2,5433.105,6,1.5,302.49,80.342,8.6,5.9,6.1,1.5
1997Q2,3.6,-0.1,-0.3,-2.7,-27.4,-7.7,2,20.5,5.1,0.1,0.1,0.7,5.3,22.8,5.3,2.34241908,-0.504711888,-0.603817479,-17.7,-60,-20.5,2.9,-0.7,-0.7,63.10907,-7.8,-1.9,-1.14063,-1.23521,4.1,-1.8,-7.5,-1.9,1590.218,17.4,4.4,171.83,67.814,7.4,12.1,19,4.5,2.195,2.9,0.7,0.03,0.016,0.8,1.4,3,0.7,145800,2.2,0.6,5900,800,11.9,4.2,2.2,0.6,5.332,-0.7,-0.2,-0.037,-0.009,1.7,-0.7,-0.7,-0.2,5471.267,2.8,0.7,250.768,38.162,8.6,4.8,2.8,0.7
1997Q3,4.8,1.5,1.2,45.5,216,33.3,1.7,-65,-16.3,-0.1,-0.3,0.5,-5.6,-47.8,-15,2.20292311,-0.740818713,-0.139495971,-25.2,-21.8,-6,4.1,0.8,1.2,62.48709,-4,-1,-1.7676,-0.62198,4.1,-2.8,-3.9,-1,1625.251,8.7,2.2,150.901,35.033,7.4,10.2,9.1,2.2,2.198,0.5,0.1,0.027,0.003,0.8,1.2,0.5,0.1,145000,-2.2,-0.6,5000,-800,11.9,3.6,-2.2,-0.5,5.323,-0.7,-0.2,-0.037,-0.009,1.7,-0.7,-0.7,-0.2,5579.179,7.8,2,304.674,107.912,8.6,5.8,8.1,2
1997Q4,6,3.9,1.2,185.7,144.1,25,1.5,-50.1,-12.5,-0.4,-0.2,0.4,-21.1,-39.4,-11.8,1.871713985,-1.318390181,-0.331209124,-41.3,-47.9,-15,4.5,1.1,0.4,62.77032,1.8,0.5,-1.67665,0.28323,4.1,-2.6,1.8,0.5,1644.529,4.7,1.2,164.401,19.278,7.4,11.1,4.8,1.2,2.19,-1.5,-0.4,0.011,-0.008,0.8,0.5,-1.4,-0.4,144200,-2.2,-0.6,100,-800,11.9,0.1,-2.2,-0.6,5.313,-0.8,-0.2,-0.037,-0.01,1.7,-0.7,-0.7,-0.2,5663.61,6,1.5,310.847,84.431,8.6,5.8,6.2,1.5
1998Q1,8.7,4.8,2.7,123.1,342.1,45,1.4,-27.6,-6.9,-0.5,-0.1,0.3,-26.3,-24.1,-6.7,1.462293712,-1.483942847,-0.409420273,-50.4,-62.7,-21.9,4.4,0.8,-0.1,62.50988,-1.7,-0.4,-1.8344,-0.26044,4.1,-2.9,-1.6,-0.4,1712.324,16.2,4,189.92,67.795,7.4,12.5,17.5,4.1,2.175,-2.7,-0.7,-0.004,-0.015,0.8,-0.2,-2.7,-0.7,152200,21.6,5.4,7200,8000,11.9,5,24.1,5.5,5.304,-0.7,-0.2,-0.037,-0.009,1.7,-0.7,-0.7,-0.2,5721.342,4.1,1,288.237,57.732,8.7,5.3,4.1,1
1998Q2,5.6,2,-3.1,55.6,-82.8,-35.6,1.2,-61.7,-15.4,-0.8,-0.2,0.2,-40,-46,-14.3,1.602163962,-0.740255118,0.13987025,-31.6,44.1,9.6,5.8,2.9,1.4,61.85196,-4.2,-1.1,-1.25711,-0.65792,4.1,-2,-4.1,-1.1,1695.773,-3.9,-1,105.555,-16.551,7.4,6.6,-3.8,-1,2.16,-2.8,-0.7,-0.035,-0.015,0.8,-1.6,-2.7,-0.7,149500,-7.2,-1.8,3700,-2700,11.9,2.5,-6.9,-1.8,5.294,-0.8,-0.2,-0.038,-0.01,1.7,-0.7,-0.8,-0.2,5832.566,7.7,1.9,361.299,111.224,8.7,6.6,8,1.9
1998Q3,4.1,-0.7,-1.5,-14.6,-71.3,-26.8,1.3,32,8,-0.4,0.1,0.3,-23.5,37.7,8.3,1.595854922,-0.607068187,-0.006309039,-27.6,-1.6,-0.4,5.4,1.3,-0.4,60.58693,-8.3,-2.1,-1.90016,-1.26503,4.1,-3,-7.9,-2,1741.623,10.7,2.7,116.372,45.85,7.5,7.2,11.3,2.7,2.16,0,0,-0.038,0,0.8,-1.7,0,0,153000,9.3,2.3,8000,3500,11.9,5.5,9.7,2.3,5.285,-0.7,-0.2,-0.038,-0.009,1.7,-0.7,-0.7,-0.2,5926.846,6.4,1.6,347.667,94.28,8.7,6.2,6.6,1.6
1998Q4,3.2,-2.8,-0.9,-46.7,-62.9,-22,1.3,0,0,-0.2,0,0.3,-13.3,0,0,1.548307184,-0.323406801,-0.047547738,-17.3,-11.4,-3,5.6,1.1,0.2,60.40696,-1.2,-0.3,-2.36336,-0.17997,4.1,-3.8,-1.2,-0.3,1796.964,12.5,3.1,152.435,55.341,7.5,9.3,13.3,3.2,2.145,-2.8,-0.7,-0.045,-0.015,0.8,-2.1,-2.7,-0.7,153000,0,0,8800,0,11.9,6.1,0,0,5.275,-0.8,-0.2,-0.038,-0.01,1.7,-0.7,-0.8,-0.2,6028.238,6.8,1.7,364.628,101.392,8.7,6.4,7,1.7
1999Q1,3.7,-5,0.5,-57.5,78.7,15.6,1.3,0,0,-0.1,0,0.3,-7.1,0,0,1.667696109,0.205402397,0.119388925,14,34.6,7.7,5.6,1.2,0,60.01334,-2.6,-0.7,-2.49654,-0.39362,4.1,-4,-2.6,-0.7,1853.063,12.3,3.1,140.739,56.099,7.5,8.2,13.1,3.1,2.135,-1.9,-0.5,-0.04,-0.01,0.8,-1.8,-1.9,-0.5,157400,11.3,2.8,5200,4400,12,3.4,12,2.9,5.265,-0.8,-0.2,-0.039,-0.01,1.7,-0.7,-0.8,-0.2,6102.532,4.9,1.2,381.19,74.294,8.7,6.7,5,1.2
1999Q2,0.9,-4.7,-2.8,-83.9,-99.6,-75.7,1.3,0,0,0.1,0,0.3,8.3,0,0,2.109359001,0.507195039,0.441662892,31.7,155.9,26.5,5.3,-0.5,-0.3,59.20506,-5.4,-1.4,-2.6469,-0.80828,4.1,-4.3,-5.3,-1.3,1848.341,-1,-0.3,152.568,-4.722,7.5,9,-1,-0.3,2.128,-1.3,-0.3,-0.032,-0.007,0.8,-1.5,-1.3,-0.3,158700,3.3,0.8,9200,1300,12,6.2,3.3,0.8,5.255,-0.8,-0.2,-0.039,-0.01,1.7,-0.7,-0.8,-0.2,6225.3,8,2,392.734,122.768,8.7,6.7,8.3,2
1999Q3,2.8,-1.3,1.9,-31.7,9268.3,211.1,1.3,0,0,0,0,0.3,0,0,0,2.345981232,0.75012631,0.236622232,47,53,11.2,5.1,-0.3,-0.2,58.42135,-5.3,-1.3,-2.16558,-0.78371,4.1,-3.6,-5.2,-1.3,1893.735,9.7,2.4,152.112,45.394,7.5,8.7,10.2,2.5,2.132,0.8,0.2,-0.028,0.004,0.8,-1.3,0.8,0.2,159100,1,0.3,6100,400,12,4,1,0.3,5.245,-0.8,-0.2,-0.04,-0.01,1.7,-0.8,-0.8,-0.2,6328.908,6.6,1.7,402.062,103.608,8.8,6.8,6.8,1.7
1999Q4,6.1,2.9,3.3,90.6,2152.6,117.9,1.5,57.2,14.3,0.2,0.2,0.4,15.4,77.3,15.4,2.622484245,1.074177061,0.276503013,69.4,56.2,11.8,5.1,-0.5,0,58.34802,-0.5,-0.1,-2.05894,-0.07333,4.1,-3.4,-0.5,-0.1,1953.097,12.3,3.1,156.133,59.362,7.6,8.7,13.1,3.1,2.15,3.4,0.8,0.005,0.018,0.8,0.2,3.4,0.8,165300,15.3,3.8,12300,6200,12,8,16.5,3.9,5.235,-0.8,-0.2,-0.04,-0.01,1.7,-0.8,-0.8,-0.2,6459.573,8.2,2,431.335,130.665,8.8,7.2,8.5,2.1
2000Q1,7.9,4.2,1.8,113.5,181.3,29.5,1.7,50.1,12.5,0.4,0.2,0.5,30.8,65,13.3,3.24017821,1.572482101,0.617693965,94.3,133,23.6,5.7,0.1,0.6,57.71743,-4.3,-1.1,-2.29591,-0.63059,4.1,-3.8,-4.3,-1.1,1950.65,-0.5,-0.1,97.587,-2.447,7.6,5.3,-0.5,-0.1,2.139,-2.1,-0.5,0.004,-0.011,0.8,0.2,-2,-0.5,165300,0,0,7900,0,12,5,0,0,5.224,-0.8,-0.2,-0.041,-0.011,1.7,-0.8,-0.8,-0.2,6613.597,9.4,2.4,511.065,154.024,8.8,8.4,9.9,2.4
2000Q2,4.5,3.6,-3.4,400,-89.5,-43,1.7,0,0,0.4,0,0.5,30.8,0,0,3.329322102,1.219963101,0.089143892,57.8,11.5,2.8,5.2,-0.1,-0.5,55.48513,-15.8,-3.9,-3.71993,-2.2323,4,-6.3,-14.6,-3.9,2075.786,24.9,6.2,227.445,125.136,7.6,12.3,28.2,6.4,2.156,3.2,0.8,0.028,0.017,0.8,1.3,3.2,0.8,163200,-5.1,-1.3,4500,-2100,12,2.8,-5,-1.3,5.214,-0.8,-0.2,-0.041,-0.01,1.7,-0.8,-0.8,-0.2,6707.514,5.6,1.4,482.214,93.917,8.8,7.7,5.8,1.4
2000Q3,4.7,1.9,0.2,67.9,19,4.4,1.8,22.9,5.7,0.5,0.1,0.6,38.5,25.7,5.9,3.508072553,1.162091321,0.178750451,49.5,23.3,5.4,5,-0.1,-0.2,54.98329,-3.6,-0.9,-3.43806,-0.50184,4,-5.9,-3.6,-0.9,2059.969,-3.1,-0.8,166.234,-15.817,7.6,8.8,-3,-0.8,2.146,-1.9,-0.5,0.014,-0.01,0.8,0.7,-1.8,-0.5,168800,13.5,3.4,9700,5600,12,6.1,14.4,3.4,5.204,-0.8,-0.2,-0.041,-0.01,1.6,-0.8,-0.8,-0.2,6815.369,6.4,1.6,486.461,107.855,8.8,7.7,6.6,1.6
2000Q4,1.4,-4.7,-3.3,-77,-99.2,-70.2,1.8,0,0,0.3,0,0.6,20,0,0,3.427099842,0.804615597,-0.080972712,30.7,-8.9,-2.3,4.4,-0.7,-0.6,54.24085,-5.4,-1.4,-4.10717,-0.74244,4,-7,-5.3,-1.4,2067.227,1.4,0.4,114.13,7.258,7.6,5.8,1.4,0.4,2.139,-1.3,-0.3,-0.011,-0.007,0.8,-0.5,-1.3,-0.3,172900,9.6,2.4,7600,4100,12.1,4.6,10.1,2.4,5.193,-0.8,-0.2,-0.042,-0.011,1.6,-0.8,-0.8,-0.2,6912.095,5.6,1.4,452.522,96.726,8.8,7,5.8,1.4
2001Q1,3.7,-4.2,2.3,-53.2,4778.6,164.3,1.8,0,0,0.1,0,0.6,5.9,0,0,3.393487642,0.153309432,-0.033612199,4.7,-3.9,-1,3.2,-2.5,-1.2,55.1304,6.5,1.6,-2.58703,0.88955,4,-4.5,6.7,1.6,1971.333,-19,-4.7,20.683,-95.894,7.6,1.1,-17.3,-4.6,2.09,-9.3,-2.3,-0.049,-0.049,0.7,-2.3,-8.9,-2.3,169800,-7.2,-1.8,4500,-3100,12,2.7,-7,-1.8,5.183,-0.8,-0.2,-0.041,-0.01,1.6,-0.8,-0.8,-0.2,6986.889,4.3,1.1,373.292,74.794,8.9,5.6,4.4,1.1
2001Q2,-0.7,-5.2,-4.4,-115.6,-99.9,-118.9,1.9,21.6,5.4,0.2,0.1,0.6,11.8,24.1,5.6,3.377329193,0.048007091,-0.01615845,1.4,-1.9,-0.5,2.5,-2.7,-0.7,54.03766,-8,-2,-1.44747,-1.09274,4,-2.6,-7.7,-2,1973.033,0.3,0.1,-102.753,1.7,7.6,-5,0.3,0.1,2.063,-5.2,-1.3,-0.093,-0.027,0.7,-4.3,-5.1,-1.3,179000,21.1,5.3,15800,9200,12.1,9.7,23.5,5.4,5.172,-0.8,-0.2,-0.042,-0.011,1.6,-0.8,-0.8,-0.2,7036.337,2.8,0.7,328.823,49.448,8.9,4.9,2.9,0.7
2001Q3,9.6,4.9,10.3,104.3,3537370.1,-1471.4,1.7,-44.5,-11.1,-0.1,-0.2,0.5,-5.6,-35.9,-10.5,2.695936838,-0.812135715,-0.681392354,-23.2,-59.4,-20.2,1.9,-3.1,-0.6,54.80656,5.7,1.4,-0.17673,0.7689,4,-0.3,5.8,1.4,1944.909,-5.7,-1.4,-115.06,-28.124,7.6,-5.6,-5.6,-1.4,2.018,-8.8,-2.2,-0.128,-0.045,0.7,-6,-8.4,-2.2,172500,-14.8,-3.7,3700,-6500,12.1,2.2,-13.8,-3.6,5.161,-0.9,-0.2,-0.043,-0.011,1.6,-0.8,-0.8,-0.2,7064.655,1.6,0.4,249.286,28.318,8.9,3.7,1.6,0.4
2001Q4,-5,-6.4,-14.6,-457.1,-92.6,-152.1,1.7,0,0,-0.1,0,0.5,-5.6,0,0,1.857881632,-1.56921821,-0.838055206,-45.8,-77.4,-31.1,2.5,-1.9,0.6,55.75305,6.8,1.7,1.5122,0.94649,4,2.8,7.1,1.7,1850.091,-20,-5,-217.136,-94.818,7.5,-10.5,-18.1,-4.9,1.984,-6.8,-1.7,-0.155,-0.034,0.7,-7.2,-6.6,-1.7,171100,-3.3,-0.8,-1800,-1400,12.1,-1,-3.2,-0.8,5.151,-0.8,-0.2,-0.042,-0.01,1.6,-0.8,-0.8,-0.2,7174.656,6.2,1.5,262.561,110.001,8.9,3.8,6.4,1.6
2002Q1,9.3,5.6,14.3,151.4,1096.9,-286,1.5,-50.1,-12.5,-0.3,-0.2,0.4,-16.7,-39.4,-11.8,1.25213432,-2.141353322,-0.605747312,-63.1,-79.4,-32.6,2.4,-0.8,-0.1,55.66835,-0.6,-0.2,0.53795,-0.0847,4,1,-0.6,-0.2,1912.659,13.3,3.3,-58.674,62.568,7.6,-3,14.2,3.4,1.974,-2,-0.5,-0.116,-0.01,0.7,-5.6,-2,-0.5,188700,39.2,9.8,18900,17600,12.1,11.1,47.9,10.3,5.14,-0.9,-0.2,-0.043,-0.011,1.6,-0.8,-0.9,-0.2,7209.94,2,0.5,223.051,35.284,8.9,3.2,2,0.5
2002Q2,2.7,3.4,-6.6,-485.7,-99.3,-71,1.6,25.8,6.5,-0.3,0.1,0.5,-15.8,29.5,6.7,1.295531356,-2.081797837,0.043397036,-61.6,14.6,3.5,2.7,0.2,0.3,56.24119,4.1,1,2.20353,0.57284,4,4.1,4.2,1,1933.282,4.3,1.1,-39.751,20.623,7.6,-2,4.4,1.1,1.977,0.6,0.2,-0.086,0.003,0.7,-4.2,0.6,0.2,187200,-3.2,-0.8,8200,-1500,12.1,4.6,-3.1,-0.8,5.129,-0.9,-0.2,-0.043,-0.011,1.6,-0.8,-0.9,-0.2,7302.112,5.1,1.3,265.775,92.172,8.9,3.8,5.2,1.3
2002Q3,-0.3,-9.9,-3,-103.1,-100,-111.1,1.9,68.7,17.2,0.2,0.3,0.6,11.8,98.9,18.8,1.593849616,-1.102087222,0.29831826,-40.9,129.1,23,3.1,1.2,0.4,56.66127,3,0.7,1.85471,0.42008,4,3.4,3,0.7,1933.197,0,0,-11.712,-0.085,7.6,-0.6,0,0,1.958,-3.9,-1,-0.06,-0.019,0.7,-3,-3.8,-1,178100,-19.9,-5,5600,-9100,12.1,3.2,-18.1,-4.9,5.119,-0.8,-0.2,-0.042,-0.01,1.6,-0.8,-0.8,-0.2,7390.943,4.8,1.2,326.288,88.831,8.9,4.6,5,1.2
2002Q4,2.4,7.4,2.7,-148,409500,-900,1.7,-44.5,-11.1,0,-0.2,0.5,0,-35.9,-10.5,2.200075216,0.342193584,0.606225601,18.4,263,38,2.1,-0.4,-1,57.85782,8.4,2.1,2.10477,1.19655,4.1,3.8,8.7,2.1,1942.531,1.9,0.5,92.44,9.334,7.6,5,1.9,0.5,1.932,-5.3,-1.3,-0.052,-0.026,0.7,-2.6,-5.2,-1.3,190100,26.1,6.5,19000,12000,12.2,11.1,29.8,6.7,5.108,-0.9,-0.2,-0.043,-0.011,1.6,-0.8,-0.9,-0.2,7467.749,4.1,1,293.093,76.806,8.9,4.1,4.2,1
2003Q1,0.9,-8.4,-1.5,-90.3,-98,-62.5,1.7,0,0,0.2,0,0.5,13.3,0,0,2.866779089,1.61464477,0.666703873,129,188.3,30.3,2.3,-0.1,0.2,57.77057,-0.6,-0.2,2.10222,-0.08725,4.1,3.8,-0.6,-0.2,1960.221,3.6,0.9,47.562,17.69,7.6,2.5,3.7,0.9,1.92,-2.5,-0.6,-0.054,-0.012,0.7,-2.7,-2.5,-0.6,186000,-8.7,-2.2,-2700,-4100,12.1,-1.4,-8.4,-2.2,5.097,-0.9,-0.2,-0.043,-0.011,1.6,-0.8,-0.9,-0.2,7555.778,4.7,1.2,345.838,88.029,8.9,4.8,4.8,1.2
2003Q2,5,2.3,4.1,85.2,95159.9,455.6,1.4,-77.7,-19.4,-0.2,-0.3,0.3,-12.5,-54,-17.6,2.131603336,0.836071981,-0.735175753,64.5,-69.4,-25.6,2.9,0.2,0.6,58.96044,8.2,2,2.71925,1.18987,4.1,4.8,8.5,2.1,1972.386,2.5,0.6,39.104,12.165,7.6,2,2.5,0.6,1.905,-3.1,-0.8,-0.072,-0.015,0.6,-3.6,-3.1,-0.8,191800,12.3,3.1,4600,5800,12.2,2.5,13.1,3.1,5.087,-0.8,-0.2,-0.042,-0.01,1.6,-0.8,-0.8,-0.2,7642.6,4.6,1.1,340.488,86.822,8.9,4.7,4.7,1.1
2003Q3,6.9,7.2,1.9,-2400,262.7,38,1.3,-29.6,-7.4,-0.6,-0.1,0.3,-31.6,-25.7,-7.1,2.196382429,0.602532813,0.064779093,37.8,12.7,3,3.7,0.6,0.8,58.64208,-2.2,-0.5,1.98081,-0.31836,4.1,3.5,-2.1,-0.5,2044.304,14.3,3.6,111.107,71.918,7.6,5.7,15.4,3.6,1.909,0.8,0.2,-0.049,0.004,0.6,-2.5,0.8,0.2,191900,0.2,0.1,13800,100,12.2,7.7,0.2,0.1,5.077,-0.8,-0.2,-0.042,-0.01,1.6,-0.8,-0.8,-0.2,7802.573,8.3,2.1,411.63,159.973,9,5.6,8.6,2.1
2003Q4,1.1,-1.3,-5.8,-54.2,-99.9,-84.1,1.4,29.6,7.4,-0.3,0.1,0.3,-17.6,34.5,7.7,1.895124195,-0.304951021,-0.301258234,-13.9,-44.6,-13.7,3.8,1.7,0.1,59.4596,5.5,1.4,1.60178,0.81752,4.1,2.8,5.7,1.4,2131.311,16.7,4.2,188.78,87.007,7.7,9.7,18.1,4.3,1.944,7.3,1.8,0.012,0.035,0.7,0.6,7.5,1.8,198800,14.1,3.5,8700,6900,12.2,4.6,15.2,3.6,5.067,-0.8,-0.2,-0.041,-0.01,1.6,-0.8,-0.8,-0.2,7891.485,4.5,1.1,423.736,88.912,9,5.7,4.6,1.1
2004Q1,1.9,1,0.8,111.1,790.1,72.7,1.7,77.7,19.4,0,0.3,0.5,0,117.4,21.4,1.785063752,-1.081715337,-0.110060443,-37.7,-21.3,-5.8,4.2,1.9,0.4,59.82355,2.4,0.6,2.05298,0.36395,4.1,3.6,2.5,0.6,2154.052,4.2,1.1,193.831,22.741,7.7,9.9,4.3,1.1,1.954,2.1,0.5,0.034,0.01,0.7,1.8,2.1,0.5,212700,27,6.8,26700,13900,12.3,14.4,31,7,5.057,-0.8,-0.2,-0.04,-0.01,1.6,-0.8,-0.8,-0.2,8027.745,6.8,1.7,471.967,136.26,9,6.2,7.1,1.7
2004Q2,4.7,-0.3,2.8,-6,3644.4,147.4,2,65,16.3,0.6,0.3,0.7,42.9,91.6,17.6,2.867513612,0.735910275,1.082449859,34.5,565.9,60.6,3.7,0.8,-0.5,60.07385,1.7,0.4,1.11341,0.2503,4.1,1.9,1.7,0.4,2262.607,19.7,4.9,290.221,108.555,7.7,14.7,21.7,5,1.943,-2.3,-0.6,0.038,-0.011,0.7,2,-2.2,-0.6,217600,9.1,2.3,25800,4900,12.3,13.5,9.5,2.3,5.047,-0.8,-0.2,-0.04,-0.01,1.6,-0.8,-0.8,-0.2,8133.005,5.2,1.3,490.405,105.26,9,6.4,5.3,1.3
2004Q3,2.6,-4.3,-2.1,-62.3,-90.6,-44.7,2,0,0,0.7,0,0.7,53.8,0,0,2.727108543,0.530726114,-0.140405069,24.2,-18.2,-4.9,3.3,-0.4,-0.4,59.97601,-0.7,-0.2,1.33393,-0.09784,4.1,2.3,-0.6,-0.2,2318.272,9.7,2.4,273.968,55.665,7.7,13.4,10.2,2.5,1.953,2.1,0.5,0.044,0.01,0.7,2.3,2.1,0.5,213500,-7.6,-1.9,21600,-4100,12.3,11.3,-7.3,-1.9,5.038,-0.7,-0.2,-0.039,-0.009,1.6,-0.8,-0.7,-0.2,8264.342,6.4,1.6,461.769,131.337,9,5.9,6.6,1.6
2004Q4,5.1,4,2.5,363.6,1380.4,96.2,2.1,19.5,4.9,0.7,0.1,0.7,50,21.6,5,3.322499097,1.427374902,0.595390555,75.3,120.3,21.8,3.8,0,0.5,60.66032,4.5,1.1,1.20072,0.68431,4.1,2,4.6,1.1,2390.082,12.2,3.1,258.771,71.81,7.8,12.1,13,3.1,1.961,1.6,0.4,0.017,0.008,0.7,0.9,1.6,0.4,228800,27.7,6.9,30000,15300,12.3,15.1,31.9,7.2,5.028,-0.8,-0.2,-0.039,-0.01,1.6,-0.8,-0.8,-0.2,8425.557,7.7,1.9,534.072,161.215,9,6.8,8,2
2005Q1,-4.6,-6.5,-9.7,-342.1,-33.8,-190.2,2.2,18.6,4.7,0.5,0.1,0.8,29.4,20.5,4.8,3.042233357,1.257169605,-0.28026574,70.4,-29.7,-8.4,3.4,-0.8,-0.4,60.94141,1.8,0.5,1.11786,0.28109,4.1,1.9,1.9,0.5,2486.068,15.7,3.9,332.016,95.986,7.8,15.4,17.1,4,1.988,5.5,1.4,0.034,0.027,0.7,1.7,5.6,1.4,232500,6.4,1.6,19800,3700,12.4,9.3,6.6,1.6,5.02,-0.6,-0.2,-0.037,-0.008,1.6,-0.7,-0.6,-0.2,8522.955,4.6,1.1,495.21,97.398,9.1,6.2,4.7,1.2
2005Q2,3.9,-0.8,8.5,-17,-48.3,-184.8,2.1,-18.6,-4.7,0.1,-0.1,0.7,5,-17,-4.5,2.946365561,0.078851949,-0.095867796,2.7,-12,-3.2,4,0.3,0.6,60.70087,-1.6,-0.4,0.62702,-0.24054,4.1,1,-1.6,-0.4,2476.474,-1.5,-0.4,213.867,-9.594,7.8,9.5,-1.5,-0.4,1.997,1.8,0.5,0.054,0.009,0.7,2.8,1.8,0.5,233700,2.1,0.5,16100,1200,12.4,7.4,2.1,0.5,5.011,-0.7,-0.2,-0.036,-0.009,1.6,-0.7,-0.7,-0.2,8671.428,6.9,1.7,538.423,148.473,9.1,6.6,7.2,1.7
2005Q3,1.2,-1.4,-2.7,-53.8,-99.1,-69.2,2.1,0,0,0.1,0,0.7,5,0,0,3.832630098,1.105521556,0.886264537,40.5,186.3,30.1,3.8,0.5,-0.2,60.3575,-2.3,-0.6,0.38149,-0.34337,4.1,0.6,-2.2,-0.6,2531.076,8.7,2.2,212.804,54.602,7.8,9.2,9.1,2.2,2.004,1.4,0.3,0.051,0.007,0.7,2.6,1.4,0.4,236400,4.6,1.1,22900,2700,12.4,10.7,4.7,1.2,5.003,-0.6,-0.2,-0.035,-0.008,1.6,-0.7,-0.6,-0.2,8849.203,8.1,2,584.861,177.775,9.1,7.1,8.5,2.1
2005Q4,5.2,0.1,4,2,35160.5,333.3,2.2,18.6,4.7,0.1,0.1,0.8,4.8,20.5,4.8,3.739951066,0.417451969,-0.092679032,12.6,-9.3,-2.4,3,-0.8,-0.8,61.28277,6.1,1.5,0.62245,0.92527,4.1,1,6.3,1.5,2645.263,17.7,4.4,255.181,114.187,7.9,10.7,19.3,4.5,2.006,0.4,0.1,0.045,0.002,0.7,2.3,0.4,0.1,243600,12,3,14800,7200,12.4,6.5,12.8,3,4.996,-0.6,-0.1,-0.032,-0.007,1.6,-0.6,-0.6,-0.1,8944.885,4.3,1.1,519.328,95.682,9.1,6.2,4.4,1.1
2006Q1,8,12.6,2.8,-273.9,460.2,53.8,2.1,-18.6,-4.7,-0.1,-0.1,0.7,-4.5,-17,-4.5,3.647099687,0.60486633,-0.092851379,19.9,-9.6,-2.5,3.6,0.2,0.6,61.53482,1.6,0.4,0.59341,0.25205,4.1,1,1.7,0.4,2709.74,9.6,2.4,223.672,64.477,7.9,9,10.1,2.4,2.021,3,0.7,0.033,0.015,0.7,1.7,3,0.7,247700,6.7,1.7,15200,4100,12.4,6.5,6.9,1.7,4.99,-0.5,-0.1,-0.03,-0.006,1.6,-0.6,-0.5,-0.1,9090.652,6.5,1.6,567.697,145.767,9.1,6.7,6.7,1.6
2006Q2,1,-2.9,-7,-74.4,-100,-87.5,2.3,36.4,9.1,0.2,0.2,0.8,9.5,43.9,9.5,4.010282776,1.063917215,0.363183089,36.1,46.2,10,2.9,-1.1,-0.7,61.23753,-1.9,-0.5,0.53666,-0.29729,4.1,0.9,-1.9,-0.5,2709.252,-0.1,0,232.778,-0.488,7.9,9.4,-0.1,0,2.021,0,0,0.024,0,0.7,1.2,0,0,246300,-2.3,-0.6,12600,-1400,12.4,5.4,-2.2,-0.6,4.984,-0.5,-0.1,-0.027,-0.006,1.6,-0.5,-0.5,-0.1,9210.245,5.2,1.3,538.817,119.593,9.1,6.2,5.4,1.3
2006Q3,1,-0.2,0,-16.7,0,0,2.5,33.4,8.3,0.4,0.2,0.9,19,39.6,8.7,3.335590924,-0.497039174,-0.674691852,-13,-52.1,-16.8,2.5,-1.3,-0.4,61.34482,0.7,0.2,0.98732,0.10729,4.1,1.6,0.7,0.2,2709.42,0,0,178.344,0.168,7.9,7,0,0,2.009,-2.4,-0.6,0.005,-0.012,0.7,0.2,-2.4,-0.6,235600,-17.8,-4.4,-800,-10700,12.4,-0.3,-16.3,-4.3,4.976,-0.6,-0.2,-0.027,-0.008,1.6,-0.5,-0.6,-0.2,9333.029,5.3,1.3,483.826,122.784,9.1,5.5,5.4,1.3
2006Q4,5.4,0.2,4.4,3.8,84930.6,440,2.3,-33.4,-8.3,0.1,-0.2,0.8,4.5,-28.4,-8,1.937331536,-1.80261953,-1.398259388,-48.2,-88.6,-41.9,3.2,0.2,0.7,61.83717,3.2,0.8,0.5544,0.49235,4.1,0.9,3.2,0.8,2675.406,-5.1,-1.3,30.143,-34.014,7.9,1.1,-4.9,-1.3,2,-1.8,-0.4,-0.006,-0.009,0.7,-0.3,-1.8,-0.4,245400,16.3,4.1,1800,9800,12.4,0.7,17.7,4.2,4.965,-0.9,-0.2,-0.031,-0.011,1.6,-0.6,-0.9,-0.2,9407.453,3.2,0.8,462.568,74.424,9.1,5.2,3.2,0.8
2007Q1,3.5,-4.5,-1.9,-56.3,-82.4,-35.2,2.4,17,4.3,0.3,0.1,0.9,14.3,18.6,4.3,2.424095174,-1.223004513,0.486763638,-33.5,145.1,25.1,2.7,-0.9,-0.5,62.284,2.9,0.7,0.74918,0.44683,4.1,1.2,2.9,0.7,2664.295,-1.7,-0.4,-45.445,-11.111,7.9,-1.7,-1.7,-0.4,1.996,-0.8,-0.2,-0.025,-0.004,0.7,-1.2,-0.8,-0.2,257400,19.1,4.8,9700,12000,12.5,3.9,21,4.9,4.95,-1.2,-0.3,-0.04,-0.015,1.6,-0.8,-1.2,-0.3,9549.431,6,1.5,458.779,141.978,9.2,5,6.2,1.5
2007Q2,1,0,-2.5,0,-99.3,-71.4,2.1,-53.4,-13.4,-0.2,-0.3,0.7,-8.7,-41.4,-12.5,2.650683803,-1.359598973,0.226588629,-33.9,43,9.3,2.3,-0.6,-0.4,61.65661,-4,-1,0.41908,-0.62739,4.1,0.7,-4,-1,2699.217,5.2,1.3,-10.035,34.922,7.9,-0.4,5.3,1.3,1.987,-1.8,-0.5,-0.034,-0.009,0.7,-1.7,-1.8,-0.5,242200,-24.3,-6.1,-4100,-15200,12.4,-1.7,-21.6,-5.9,4.935,-1.2,-0.3,-0.049,-0.015,1.6,-1,-1.2,-0.3,9644.74,4,1,434.495,95.309,9.2,4.7,4.1,1
2007Q3,0.4,-0.6,-0.6,-60,-97.4,-60,2,-19.5,-4.9,-0.5,-0.1,0.7,-20,-17.7,-4.8,2.360478453,-0.975112471,-0.29020535,-29.2,-37.1,-10.9,2.3,-0.2,0,61.97214,2,0.5,0.62732,0.31553,4.1,1,2.1,0.5,2685.969,-2,-0.5,-23.451,-13.248,7.9,-0.9,-1.9,-0.5,1.977,-2,-0.5,-0.032,-0.01,0.7,-1.6,-2,-0.5,241800,-0.7,-0.2,6200,-400,12.4,2.6,-0.7,-0.2,4.919,-1.3,-0.3,-0.057,-0.016,1.6,-1.1,-1.3,-0.3,9753.799,4.5,1.1,420.77,109.059,9.2,4.5,4.6,1.1
2007Q4,0.3,-5.1,-0.1,-94.4,-68.4,-25,2.3,55.9,14,0,0.3,0.8,0,74.9,15,3.974384399,2.037052863,1.613905946,105.1,703.7,68.4,1.6,-1.6,-0.7,62.86259,5.7,1.4,1.02542,0.89045,4.1,1.7,5.9,1.4,2642.56,-6.5,-1.6,-32.846,-43.409,7.9,-1.2,-6.3,-1.6,1.976,-0.2,-0.1,-0.024,-0.001,0.7,-1.2,-0.2,-0.1,238400,-5.7,-1.4,-7000,-3400,12.4,-2.9,-5.5,-1.4,4.905,-1.1,-0.3,-0.06,-0.014,1.6,-1.2,-1.1,-0.3,9877.752,5.1,1.3,470.299,123.953,9.2,5,5.2,1.3
2008Q1,1.1,-2.4,0.8,-68.6,17975.3,266.7,2.1,-36.4,-9.1,-0.3,-0.2,0.7,-12.5,-30.5,-8.7,4.095428021,1.671332847,0.121043622,68.9,12.8,3,0.8,-1.9,-0.8,64.41587,9.8,2.4,2.13187,1.55328,4.2,3.4,10.3,2.5,2563.701,-12.1,-3,-100.594,-78.859,7.8,-3.8,-11.4,-3,1.935,-8.4,-2.1,-0.061,-0.041,0.7,-3.1,-8,-2.1,233900,-7.6,-1.9,-23500,-4500,12.4,-9.1,-7.3,-1.9,4.892,-1.1,-0.3,-0.058,-0.013,1.6,-1.2,-1.1,-0.3,9934.253,2.3,0.6,384.822,56.501,9.2,4,2.3,0.6
2008Q2,7.5,6.5,6.4,650,216009.7,581.8,2.2,18.6,4.7,0.1,0.1,0.8,4.8,20.5,4.8,4.379385124,1.728701321,0.283957103,65.2,30.8,6.9,0.7,-1.6,-0.1,64.11087,-1.9,-0.5,2.45426,-0.305,4.2,4,-1.9,-0.5,2540.595,-3.6,-0.9,-158.622,-23.106,7.8,-5.9,-3.6,-0.9,1.923,-2.5,-0.6,-0.064,-0.012,0.7,-3.2,-2.5,-0.6,235300,2.4,0.6,-6900,1400,12.4,-2.8,2.4,0.6,4.884,-0.7,-0.2,-0.051,-0.008,1.6,-1,-0.7,-0.2,10052.843,4.7,1.2,408.103,118.59,9.2,4.2,4.9,1.2
2008Q3,-8.1,-8.5,-15.6,-2125,36,-208,2.2,0,0,0.2,0,0.8,10,0,0,5.302814444,2.942335991,0.92342932,124.6,115,21.1,-0.6,-2.9,-1.3,67.57397,21,5.3,5.60183,3.4631,4.2,9,23.4,5.4,2498.242,-6.7,-1.7,-187.727,-42.353,7.8,-7,-6.5,-1.7,1.903,-4.2,-1,-0.074,-0.02,0.6,-3.7,-4.1,-1,226500,-15.2,-3.8,-15300,-8800,12.3,-6.3,-14.1,-3.7,4.882,-0.2,0,-0.037,-0.002,1.6,-0.8,-0.2,0,10080.964,1.1,0.3,327.165,28.121,9.2,3.4,1.1,0.3
2008Q4,3.5,3.2,11.6,1066.7,-96.5,-143.2,1.6,-127.4,-31.8,-0.7,-0.6,0.5,-30.4,-72,-27.3,1.601687359,-2.372697041,-3.701127085,-59.7,-99.2,-69.8,-1.8,-3.4,-1.2,73.48998,33.6,8.4,10.62739,5.91601,4.3,16.9,39.9,8.8,2307.915,-31.7,-7.9,-334.645,-190.327,7.7,-12.7,-27.2,-7.6,1.809,-20.3,-5.1,-0.167,-0.094,0.6,-8.5,-18.3,-4.9,222500,-7.1,-1.8,-15900,-4000,12.3,-6.7,-6.9,-1.8,4.887,0.4,0.1,-0.018,0.005,1.6,-0.4,0.4,0.1,9837.261,-9.8,-2.4,-40.491,-243.703,9.2,-0.4,-9.3,-2.4
2009Q1,-1.7,-2.8,-5.2,-254.5,-94.4,-148.6,1.1,-149.9,-37.5,-1,-0.5,0.1,-47.6,-77.7,-31.3,-0.040232531,-4.135660552,-1.64191989,-101,-100,-102.5,-1.7,-2.5,0.1,77.2997,20.2,5.1,12.88383,3.80972,4.3,20,22.4,5.2,2014.878,-54.3,-13.6,-548.823,-293.037,7.6,-21.4,-41.9,-12.7,1.733,-17.2,-4.3,-0.202,-0.076,0.5,-10.4,-15.8,-4.2,208400,-26.2,-6.5,-25500,-14100,12.2,-10.9,-23,-6.3,4.901,1.1,0.3,0.009,0.014,1.6,0.2,1.2,0.3,9756.126,-3.3,-0.8,-178.127,-81.135,9.2,-1.8,-3.3,-0.8
2009Q2,4.4,-3.1,6.1,-41.3,4387.6,-358.8,1.1,0,0,-1.1,0,0.1,-50,0,0,-1.1504452,-5.529830323,-1.110212668,-126.3,66858042.6,2759.5,-2.3,-3,-0.6,80.4389,15.9,4,16.32803,3.1392,4.4,25.5,17.3,4.1,1863.65,-31.2,-7.8,-676.945,-151.228,7.5,-26.6,-26.8,-7.5,1.708,-5.8,-1.5,-0.215,-0.025,0.5,-11.2,-5.6,-1.4,220900,23.3,5.8,-14400,12500,12.3,-6.1,26.2,6,4.923,1.8,0.4,0.039,0.022,1.6,0.8,1.8,0.4,9760.216,0.2,0,-292.627,4.09,9.2,-2.9,0.2,0
2009Q3,-4.4,3.7,-8.8,-45.7,0,-200,0.9,-80.3,-20.1,-1.3,-0.2,-0.1,-59.1,-55.2,-18.2,-1.623360336,-6.92617478,-0.472915136,-130.6,296.5,41.1,-0.9,-0.3,1.4,82.59064,10.6,2.6,15.01667,2.15174,4.4,22.2,11.1,2.7,1841.416,-4.8,-1.2,-656.826,-22.234,7.5,-26.3,-4.7,-1.2,1.71,0.5,0.1,-0.193,0.002,0.5,-10.1,0.5,0.1,214300,-12.1,-3,-12200,-6600,12.3,-5.4,-11.4,-3,4.95,2.2,0.5,0.068,0.027,1.6,1.4,2.2,0.5,9895.401,5.5,1.4,-185.563,135.185,9.2,-1.8,5.7,1.4
2009Q4,-0.1,-3.6,4.3,-102.9,-100,-97.7,1.5,204.3,51.1,-0.1,0.6,0.4,-6.3,671.6,66.7,1.443933757,-0.157753601,3.067294094,-9.8,-37.4,-188.9,-0.1,1.7,0.8,84.16278,7.5,1.9,10.6728,1.57214,4.4,14.5,7.8,1.9,1998.71,32.8,8.2,-309.205,157.294,7.6,-13.4,38.8,8.5,1.726,3.7,0.9,-0.083,0.016,0.5,-4.6,3.8,0.9,219000,8.7,2.2,-3500,4700,12.3,-1.6,9.1,2.2,4.978,2.3,0.6,0.091,0.028,1.6,1.9,2.3,0.6,9957.092,2.5,0.6,119.831,61.691,9.2,1.2,2.5,0.6
2010Q1,2.3,4,2.4,-235.3,27984000,-2400,1.7,50.1,12.5,0.6,0.2,0.5,54.5,65,13.3,2.360524806,2.400757337,0.916591048,-5967.2,614.2,63.5,0.6,2.3,0.7,86.76598,12.2,3,9.46628,2.6032,4.5,12.2,13,3.1,2038.161,7.8,2,23.283,39.451,7.6,1.2,8.1,2,1.736,2.3,0.6,0.003,0.01,0.6,0.2,2.3,0.6,222900,7.1,1.8,14500,3900,12.3,7,7.3,1.8,5.005,2.2,0.5,0.104,0.027,1.6,2.1,2.2,0.5,10040.485,3.3,0.8,284.359,83.393,9.2,2.9,3.4,0.8
2010Q2,6.8,2.4,4.5,54.5,7540.5,195.7,1.5,-50.1,-12.5,0.4,-0.2,0.4,36.4,-39.4,-11.8,1.767765161,2.918210361,-0.592759645,-253.7,-68.5,-25.1,1.8,4.1,1.2,88.44771,7.7,1.9,8.00881,1.68173,4.5,10,8,1.9,2148.795,21.1,5.3,285.145,110.634,7.7,15.3,23.5,5.4,1.742,1.4,0.3,0.034,0.006,0.6,2,1.4,0.3,219500,-6.1,-1.5,-1400,-3400,12.3,-0.6,-6,-1.5,5.029,1.9,0.5,0.106,0.024,1.6,2.2,1.9,0.5,10131.767,3.6,0.9,371.551,91.282,9.2,3.8,3.7,0.9
2010Q3,2.9,7.3,-3.9,-165.9,-96.7,-57.4,1.3,-57.2,-14.3,0.4,-0.2,0.3,44.4,-43.6,-13.3,1.175608897,2.798969233,-0.592156264,-172.4,-80.4,-33.5,1.9,2.8,0.1,89.93168,6.7,1.7,7.34104,1.48397,4.5,8.9,6.9,1.7,2236.495,16,4,395.079,87.7,7.7,21.5,17.4,4.1,1.743,0.2,0.1,0.033,0.001,0.6,1.9,0.2,0.1,224100,8.3,2.1,9800,4600,12.3,4.6,8.6,2.1,5.047,1.4,0.4,0.097,0.018,1.6,2,1.4,0.4,10220.606,3.5,0.9,325.205,88.839,9.2,3.3,3.6,0.9
2010Q4,2.3,2.4,-0.6,-2400,-60.4,-20.7,0.9,-147.1,-36.8,-0.6,-0.4,-0.1,-40,-77,-30.8,1.270248097,-0.17368566,0.0946392,-12,36.3,8.1,2.7,2.8,0.8,92.02388,9.2,2.3,7.8611,2.0922,4.5,9.3,9.6,2.3,2238.44,0.3,0.1,239.73,1.945,7.7,12,0.3,0.1,1.74,-0.7,-0.2,0.014,-0.003,0.6,0.8,-0.7,-0.2,224300,0.4,0.1,5300,200,12.3,2.4,0.4,0.1,5.062,1.2,0.3,0.084,0.015,1.6,1.7,1.2,0.3,10350.484,5.1,1.3,393.392,129.878,9.2,4,5.2,1.3
2011Q1,4.1,1.8,1.8,78.3,909.8,78.3,1.1,80.3,20.1,-0.6,0.2,0.1,-35.3,123.2,22.2,2.141126995,-0.219397811,0.870878898,-9.3,707.3,68.6,2.6,2,-0.1,93.35519,5.7,1.4,6.58921,1.33131,4.5,7.6,5.9,1.4,2205.962,-5.8,-1.5,167.801,-32.478,7.7,8.2,-5.7,-1.5,1.723,-3.9,-1,-0.013,-0.017,0.5,-0.7,-3.9,-1,226900,4.6,1.2,4000,2600,12.3,1.8,4.7,1.2,5.073,0.9,0.2,0.068,0.011,1.6,1.4,0.9,0.2,10485.358,5.2,1.3,444.873,134.874,9.3,4.4,5.3,1.3
2011Q2,-0.9,-7.7,-5,-113.2,-99.8,-122,1.5,124.1,31,0,0.4,0.4,0,245.8,36.4,3.430395382,1.662630221,1.289268387,94.1,558.9,60.2,2,0.2,-0.6,92.5588,-3.4,-0.9,4.11109,-0.79639,4.5,4.6,-3.4,-0.9,2297.352,16.2,4.1,148.557,91.39,7.7,6.9,17.6,4.1,1.714,-2.1,-0.5,-0.028,-0.009,0.5,-1.6,-2.1,-0.5,228100,2.1,0.5,8600,1200,12.3,3.9,2.1,0.5,5.078,0.4,0.1,0.049,0.005,1.6,1,0.4,0.1,10612.125,4.8,1.2,480.358,126.767,9.3,4.7,4.9,1.2
2011Q3,1.8,-1.1,2.7,-37.9,1500,-300,1.8,72.9,18.2,0.5,0.3,0.6,38.5,107.4,20,3.756173999,2.580565102,0.325778617,219.5,43.7,9.5,1.7,-0.2,-0.3,94.85943,9.8,2.5,4.92775,2.30063,4.6,5.5,10.3,2.5,2322.84,4.4,1.1,86.345,25.488,7.8,3.9,4.5,1.1,1.65,-15.2,-3.8,-0.093,-0.064,0.5,-5.3,-14.1,-3.7,223500,-8.1,-2,-600,-4600,12.3,-0.3,-7.8,-2,5.079,0.1,0,0.032,0.001,1.6,0.6,0.1,0,10705.367,3.5,0.9,484.761,93.242,9.3,4.7,3.6,0.9
2011Q4,1.2,-1.1,-0.6,-47.8,-80.2,-33.3,1.9,21.6,5.4,1,0.1,0.6,111.1,24.1,5.6,3.293776544,2.023528447,-0.462397455,159.3,-40.9,-12.3,1.2,-1.5,-0.5,96.36931,6.3,1.6,4.34543,1.50988,4.6,4.7,6.5,1.6,2504.095,30.1,7.5,265.655,181.255,7.8,11.9,35.1,7.8,1.643,-1.7,-0.4,-0.097,-0.007,0.5,-5.6,-1.7,-0.4,221100,-4.3,-1.1,-3200,-2400,12.3,-1.4,-4.2,-1.1,5.073,-0.5,-0.1,0.011,-0.006,1.6,0.2,-0.5,-0.1,10761.586,2.1,0.5,411.102,56.219,9.3,4,2.1,0.5
2012Q1,7.7,3.6,6.5,87.8,169426.6,541.7,2.1,40,10,1,0.2,0.7,90.9,49.2,10.5,2.815192203,0.674065209,-0.478584341,31.5,-46.6,-14.5,1.6,-1,0.4,97.42044,4.3,1.1,4.06525,1.05113,4.6,4.4,4.4,1.1,2567.75,10,2.5,361.788,63.655,7.9,16.4,10.6,2.5,1.639,-1,-0.2,-0.084,-0.004,0.5,-4.9,-1,-0.2,238400,30.1,7.5,11500,17300,12.4,5.1,35.2,7.8,5.06,-1,-0.3,-0.013,-0.013,1.6,-0.3,-1,-0.3,10922.442,5.9,1.5,437.084,160.856,9.3,4.2,6.1,1.5
2012Q2,3.7,4.6,-4,-511.1,-94.7,-51.9,1.9,-40,-10,0.4,-0.2,0.6,26.7,-33,-9.5,1.889765176,-1.540630206,-0.925427027,-44.9,-79.7,-32.9,1.5,-0.5,-0.1,98.15989,3,0.8,5.60109,0.73945,4.6,6.1,3.1,0.8,2636.863,10.6,2.7,339.511,69.113,7.9,14.8,11.2,2.7,1.629,-2.4,-0.6,-0.085,-0.01,0.5,-5,-2.4,-0.6,238700,0.5,0.1,10600,300,12.4,4.6,0.5,0.1,5.041,-1.5,-0.4,-0.037,-0.019,1.6,-0.7,-1.5,-0.4,10964.858,1.6,0.4,352.733,42.416,9.3,3.3,1.6,0.4
2012Q3,-2.8,-4.6,-6.5,-255.6,-67.2,-175.7,1.7,-44.5,-11.1,-0.1,-0.2,0.5,-5.6,-35.9,-10.5,1.697784372,-2.058389627,-0.191980804,-54.8,-34.9,-10.2,1.3,-0.4,-0.2,98.82568,2.7,0.7,3.96625,0.66579,4.6,4.2,2.7,0.7,2644.119,1.1,0.3,321.279,7.256,7.9,13.8,1.1,0.3,1.606,-5.7,-1.4,-0.044,-0.023,0.5,-2.7,-5.5,-1.4,248800,16.6,4.1,25300,10100,12.4,11.3,18,4.2,5.018,-1.8,-0.5,-0.061,-0.023,1.6,-1.2,-1.8,-0.5,11014.245,1.8,0.4,308.878,49.387,9.3,2.9,1.8,0.5
2012Q4,11.6,10.4,14.4,866.7,29357.8,-514.3,1.8,22.9,5.7,-0.1,0.1,0.6,-5.3,25.7,5.9,1.889365391,-1.404411153,0.191581019,-42.6,53.4,11.3,1.6,0.4,0.3,100.45154,6.5,1.6,4.08223,1.62586,4.6,4.2,6.7,1.6,2638.282,-0.9,-0.2,134.187,-5.837,7.9,5.4,-0.9,-0.2,1.582,-6,-1.5,-0.061,-0.024,0.5,-3.7,-5.8,-1.5,251700,4.6,1.2,30600,2900,12.4,13.8,4.7,1.2,4.993,-2,-0.5,-0.08,-0.025,1.6,-1.6,-2,-0.5,11125.711,4,1,364.125,111.466,9.3,3.4,4.1,1
2013Q1,-15.1,-22.8,-26.7,-296.1,187.1,-230.2,1.5,-72.9,-18.2,-0.6,-0.3,0.4,-28.6,-51.8,-16.7,1.681828819,-1.133363384,-0.207536572,-40.3,-37.2,-11,1.3,-0.3,-0.3,101.21783,3,0.8,3.79739,0.76629,4.6,3.9,3.1,0.8,2738.236,14.9,3.7,170.486,99.954,7.9,6.6,16,3.8,1.579,-0.8,-0.2,-0.06,-0.003,0.5,-3.7,-0.8,-0.2,258400,10.5,2.6,20000,6700,12.5,8.4,11.1,2.7,4.966,-2.2,-0.5,-0.094,-0.027,1.6,-1.9,-2.1,-0.5,11223.18,3.5,0.9,300.738,97.469,9.3,2.8,3.6,0.9
2013Q2,3,-0.7,18.1,-18.9,-99.8,-119.9,1.4,-27.6,-6.9,-0.5,-0.1,0.3,-26.3,-24.1,-6.7,1.392849786,-0.49691539,-0.288979032,-26.3,-53,-17.2,1.2,-0.3,-0.1,100.6034,-2.4,-0.6,2.44351,-0.61443,4.6,2.5,-2.4,-0.6,2775.276,5.4,1.3,138.413,37.04,7.9,5.2,5.5,1.4,1.567,-3.1,-0.8,-0.062,-0.012,0.4,-3.8,-3,-0.8,268100,14.7,3.7,29400,9700,12.5,12.3,15.9,3.8,4.939,-2.2,-0.5,-0.102,-0.027,1.6,-2,-2.2,-0.5,11239.592,0.6,0.1,274.734,16.412,9.3,2.5,0.6,0.1
2013Q3,1.7,4.5,-1.3,-160.7,-89.7,-43.3,1.5,27.6,6.9,-0.2,0.1,0.4,-11.8,31.8,7.1,1.553358711,-0.144425661,0.160508925,-8.5,54.7,11.5,1.5,0.2,0.3,99.34376,-5,-1.3,0.51808,-1.25964,4.6,0.5,-4.9,-1.3,2879.995,14.8,3.7,235.876,104.719,8,8.9,16,3.8,1.563,-1,-0.3,-0.043,-0.004,0.4,-2.7,-1,-0.3,264800,-5,-1.2,16000,-3300,12.5,6.4,-4.8,-1.2,4.912,-2.2,-0.5,-0.106,-0.027,1.6,-2.1,-2.2,-0.5,11330.946,3.2,0.8,316.701,91.354,9.3,2.9,3.3,0.8
2013Q4,1.6,-10,-0.1,-86.2,-21.5,-5.9,1.6,25.8,6.5,-0.2,0.1,0.5,-11.1,29.5,6.7,1.233471125,-0.655894266,-0.319887586,-34.7,-60.2,-20.6,1.9,0.3,0.4,100.42722,4.3,1.1,-0.02432,1.08346,4.6,0,4.4,1.1,2910.546,4.2,1.1,272.264,30.551,8,10.3,4.3,1.1,1.557,-1.5,-0.4,-0.025,-0.006,0.4,-1.6,-1.5,-0.4,273600,13.1,3.3,21900,8800,12.5,8.7,14,3.3,4.884,-2.3,-0.6,-0.109,-0.028,1.6,-2.2,-2.3,-0.6,11475.123,5.1,1.3,349.412,144.177,9.3,3.1,5.2,1.3
2014Q1,5.7,20.8,4.1,-137.7,16007.2,256.3,1.5,-25.8,-6.5,0,-0.1,0.4,0,-22.8,-6.3,1.40545641,-0.276372409,0.171985285,-16.4,68.6,13.9,1.7,0.4,-0.2,102.90374,9.7,2.4,1.68591,2.47652,4.6,1.7,10.2,2.5,2899.216,-1.6,-0.4,160.98,-11.33,8,5.9,-1.5,-0.4,1.536,-5.4,-1.4,-0.043,-0.021,0.4,-2.7,-5.3,-1.3,275200,2.3,0.6,16800,1600,12.5,6.5,2.4,0.6,4.855,-2.4,-0.6,-0.111,-0.029,1.6,-2.2,-2.4,-0.6,11574.229,3.4,0.9,351.049,99.106,9.4,3.1,3.5,0.9
2014Q2,5.6,2.6,-0.1,86.7,-6.8,-1.8,1.7,50.1,12.5,0.3,0.2,0.5,21.4,65,13.3,2.050845518,0.657995731,0.645389108,47.2,353.4,45.9,2.8,1.6,1.1,101.14552,-6.9,-1.7,0.54212,-1.75822,4.6,0.5,-6.7,-1.7,3030.425,17.7,4.4,255.149,131.209,8,9.2,19.4,4.5,1.541,1.3,0.3,-0.026,0.005,0.4,-1.7,1.3,0.3,288000,18.2,4.5,19900,12800,12.6,7.4,19.9,4.7,4.825,-2.5,-0.6,-0.114,-0.03,1.6,-2.3,-2.4,-0.6,11756.878,6.3,1.6,517.286,182.649,9.4,4.6,6.5,1.6
2014Q3,4.8,3.1,-0.8,182.4,-46,-14.3,1.7,0,0,0.2,0,0.5,13.3,0,0,1.783153892,0.229795181,-0.267691626,14.8,-42.8,-13.1,3.5,2,0.7,100.5779,-2.3,-0.6,1.23414,-0.56762,4.6,1.2,-2.2,-0.6,3107.62,10.1,2.5,227.625,77.195,8,7.9,10.6,2.5,1.547,1.6,0.4,-0.016,0.006,0.4,-1,1.6,0.4,281000,-9.8,-2.5,16200,-7000,12.5,6.1,-9.4,-2.4,4.793,-2.7,-0.7,-0.119,-0.032,1.6,-2.4,-2.6,-0.7,11915.359,5.4,1.3,584.413,158.481,9.4,5.2,5.5,1.3
2014Q4,5.4,3.8,0.6,237.5,60.2,12.5,1.5,-50.1,-12.5,-0.1,-0.2,0.4,-6.3,-39.4,-11.8,1.248027625,0.014556499,-0.535126267,1.2,-76,-30,3.8,1.9,0.3,101.63324,4.2,1,1.20602,1.05534,4.6,1.2,4.3,1,3139.452,4.1,1,228.906,31.832,8.1,7.9,4.2,1,1.538,-2.3,-0.6,-0.019,-0.009,0.4,-1.2,-2.3,-0.6,298900,24.7,6.2,25300,17900,12.6,9.2,28,6.4,4.76,-2.8,-0.7,-0.124,-0.033,1.6,-2.5,-2.7,-0.7,12044.547,4.3,1.1,569.424,129.188,9.4,5,4.4,1.1
2015Q1,4.6,-1.1,-0.8,-19.3,-47.3,-14.8,1.3,-57.2,-14.3,-0.2,-0.2,0.3,-13.3,-43.6,-13.3,-0.062695925,-1.468152335,-1.310723549,-104.5,-100,-105,4.3,2.6,0.5,100.93348,-2.8,-0.7,-1.97026,-0.69976,4.6,-1.9,-2.7,-0.7,3235.744,12.1,3,336.528,96.292,8.1,11.6,12.8,3.1,1.522,-4.2,-1,-0.014,-0.016,0.4,-0.9,-4.1,-1,289200,-13.2,-3.3,14000,-9700,12.6,5.1,-12.4,-3.2,4.728,-2.7,-0.7,-0.127,-0.032,1.6,-2.6,-2.7,-0.7,12091.58,1.6,0.4,517.351,47.033,9.4,4.5,1.6,0.4
2015Q2,3,-2.6,-1.6,-46.4,-81.9,-34.8,1.3,0,0,-0.4,0,0.3,-23.5,0,0,-0.038272012,-2.089117529,0.024423913,-101.9,-86.1,-39,4,1.2,-0.3,99.63003,-5.2,-1.3,-1.51549,-1.30345,4.6,-1.5,-5.1,-1.3,3231.774,-0.5,-0.1,201.349,-3.97,8.1,6.6,-0.5,-0.1,1.524,0.5,0.1,-0.017,0.002,0.4,-1.1,0.5,0.1,289100,-0.1,0,1100,-100,12.6,0.4,-0.1,0,4.698,-2.5,-0.6,-0.127,-0.03,1.5,-2.6,-2.5,-0.6,12248.02,5.1,1.3,491.142,156.44,9.4,4.2,5.3,1.3
2015Q3,3,-1.8,0,-37.5,0,0,1.2,-32,-8,-0.5,-0.1,0.2,-29.4,-27.4,-7.7,0.109503412,-1.67365048,0.147775423,-93.9,6601.7,-386.1,3.7,0.2,-0.3,98.94196,-2.8,-0.7,-1.63594,-0.68807,4.6,-1.6,-2.7,-0.7,3241.196,1.2,0.3,133.576,9.422,8.1,4.3,1.2,0.3,1.516,-2.1,-0.5,-0.031,-0.008,0.4,-2,-2.1,-0.5,295800,9.2,2.3,14800,6700,12.6,5.3,9.6,2.3,4.674,-2,-0.5,-0.119,-0.024,1.5,-2.5,-2,-0.5,12376.214,4.2,1,460.855,128.194,9.4,3.9,4.3,1
2015Q4,1.3,-4.1,-1.7,-75.9,-96.5,-56.7,1.2,0,0,-0.3,0,0.2,-20,0,0,0.466264632,-0.781762993,0.35676122,-62.6,32771.5,325.8,2.9,-0.9,-0.8,103.11351,16.5,4.1,1.48027,4.17155,4.6,1.5,18,4.2,3183.594,-7.2,-1.8,44.142,-57.602,8.1,1.4,-6.9,-1.8,1.496,-5.3,-1.3,-0.042,-0.02,0.4,-2.7,-5.2,-1.3,302500,9,2.2,3600,6700,12.6,1.2,9.4,2.3,4.655,-1.6,-0.4,-0.105,-0.019,1.5,-2.2,-1.6,-0.4,12421.31,1.5,0.4,376.763,45.096,9.4,3.1,1.5,0.4
2016Q1,2.7,-1.9,1.4,-41.3,1760.7,107.7,1.4,61.7,15.4,0.1,0.2,0.3,7.7,85.3,16.7,1.080267065,1.14296299,0.614002433,-1823,2781.3,131.7,2.8,-1.5,-0.1,104.56276,5.6,1.4,3.62928,1.44925,4.6,3.6,5.7,1.4,3149.108,-4.4,-1.1,-86.636,-34.486,8.1,-2.7,-4.3,-1.1,1.47,-7,-1.8,-0.052,-0.026,0.4,-3.4,-6.8,-1.7,299800,-3.6,-0.9,10600,-2700,12.6,3.7,-3.5,-0.9,4.641,-1.2,-0.3,-0.087,-0.014,1.5,-1.8,-1.2,-0.3,12523.524,3.3,0.8,431.944,102.214,9.4,3.6,3.3,0.8
2016Q2,-0.4,-3.4,-3.1,-113.3,-100,-114.8,1.5,27.6,6.9,0.2,0.1,0.4,15.4,31.8,7.1,1.047063146,1.085335158,-0.033203918,-2835.8,-11.7,-3.1,2.7,-1.3,-0.1,103.99382,-2.2,-0.5,4.36379,-0.56894,4.6,4.4,-2.2,-0.5,3152.921,0.5,0.1,-78.853,3.813,8.1,-2.4,0.5,0.1,1.462,-2.2,-0.5,-0.062,-0.008,0.4,-4.1,-2.2,-0.5,306000,8.2,2,16900,6200,12.6,5.8,8.5,2.1,4.633,-0.7,-0.2,-0.065,-0.008,1.5,-1.4,-0.7,-0.2,12688.261,5.2,1.3,440.241,164.737,9.4,3.6,5.4,1.3
2016Q3,1.8,-1.2,2.2,-40,40906.3,-550,1.7,50.1,12.5,0.5,0.2,0.5,41.7,65,13.3,1.117615381,1.008111969,0.070552234,920.6,29.8,6.7,2.6,-1.1,-0.1,104.07674,0.3,0.1,5.13478,0.08292,4.6,5.2,0.3,0.1,3166.606,1.7,0.4,-74.59,13.685,8.1,-2.3,1.7,0.4,1.451,-3,-0.8,-0.065,-0.011,0.4,-4.3,-3,-0.8,303800,-2.9,-0.7,8000,-2200,12.6,2.7,-2.8,-0.7,4.626,-0.6,-0.2,-0.048,-0.007,1.5,-1,-0.6,-0.2,12822.38,4.2,1.1,446.166,134.119,9.5,3.6,4.3,1.1
2016Q4,2.4,1.1,0.6,84.6,216,33.3,1.8,22.9,5.7,0.6,0.1,0.6,50,25.7,5.9,1.800620768,1.334356136,0.683005387,286.2,573.8,61.1,2.8,-0.1,0.2,105.18613,4.2,1.1,2.07262,1.10939,4.7,2,4.3,1.1,3246.201,9.9,2.5,62.607,79.595,8.1,2,10.4,2.5,1.443,-2.2,-0.6,-0.053,-0.008,0.4,-3.5,-2.2,-0.6,310900,9.2,2.3,8400,7100,12.6,2.8,9.7,2.3,4.621,-0.4,-0.1,-0.034,-0.005,1.5,-0.7,-0.4,-0.1,12959.767,4.3,1.1,538.457,137.387,9.5,4.3,4.4,1.1
2017Q1,4.9,2.2,2.5,81.5,1637.6,104.2,1.8,0,0,0.4,0,0.6,28.6,0,0,2.539320573,1.459053508,0.738699805,135.1,295.5,41,2.6,-0.2,-0.2,103.41831,-6.8,-1.7,-1.14445,-1.76782,4.6,-1.1,-6.6,-1.7,3288.229,5.1,1.3,139.121,42.028,8.1,4.4,5.3,1.3,1.438,-1.4,-0.3,-0.032,-0.005,0.4,-2.2,-1.4,-0.3,313100,2.8,0.7,13300,2200,12.7,4.4,2.9,0.7,4.616,-0.4,-0.1,-0.025,-0.005,1.5,-0.5,-0.4,-0.1,13104.419,4.4,1.1,580.895,144.652,9.5,4.6,4.5,1.1
2017Q2,2.7,3.1,-2.2,-775,-90.8,-44.9,1.6,-47.1,-11.8,0.1,-0.2,0.5,6.7,-37.6,-11.1,1.901991373,0.854928226,-0.6373292,81.7,-68.5,-25.1,2.5,-0.2,-0.1,102.52061,-3.5,-0.9,-1.47321,-0.8977,4.6,-1.4,-3.4,-0.9,3334.971,5.6,1.4,182.05,46.742,8.1,5.8,5.8,1.4,1.432,-1.7,-0.4,-0.03,-0.006,0.4,-2.1,-1.7,-0.4,318200,6.5,1.6,12200,5100,12.7,4,6.7,1.6,4.611,-0.4,-0.1,-0.022,-0.005,1.5,-0.5,-0.4,-0.1,13212.501,3.3,0.8,524.24,108.082,9.5,4.1,3.3,0.8
2017Q3,2.3,0.5,-0.4,27.8,-47.3,-14.8,1.5,-25.8,-6.5,-0.2,-0.1,0.4,-11.8,-22.8,-6.3,1.966925115,0.849309734,0.064933742,76,14.4,3.4,2.4,-0.2,-0.1,103.22866,2.8,0.7,-0.84808,0.70805,4.6,-0.8,2.8,0.7,3401.815,7.9,2,235.209,66.844,8.1,7.4,8.3,2,1.435,0.8,0.2,-0.016,0.003,0.4,-1.1,0.8,0.2,320500,2.9,0.7,16700,2300,12.7,5.5,2.9,0.7,4.607,-0.3,-0.1,-0.019,-0.004,1.5,-0.4,-0.3,-0.1,13345.053,4,1,522.673,132.552,9.5,4.1,4.1,1
2017Q4,3.7,1.3,1.4,54.2,569.7,60.9,1.7,50.1,12.5,-0.1,0.2,0.5,-5.6,65,13.3,2.117557425,0.316936657,0.15063231,17.6,34.3,7.7,2.9,0.1,0.5,102.88087,-1.3,-0.3,-2.30526,-0.34779,4.6,-2.2,-1.3,-0.3,3457.732,6.5,1.6,211.531,55.917,8.1,6.5,6.7,1.6,1.442,1.9,0.5,-0.001,0.007,0.4,-0.1,2,0.5,337900,21.1,5.3,27000,17400,12.7,8.7,23.5,5.4,4.602,-0.4,-0.1,-0.019,-0.005,1.5,-0.4,-0.4,-0.1,13586.267,7.2,1.8,626.5,241.214,9.5,4.8,7.4,1.8
2018Q1,6.9,2,3.2,40.8,1109.5,86.5,1.8,22.9,5.7,0,0.1,0.6,0,25.7,5.9,2.214194453,-0.32512612,0.096637028,-12.8,19.5,4.6,2.8,0.2,-0.1,104.59493,6.6,1.7,1.17662,1.71406,4.7,1.1,6.8,1.7,3542.412,9.7,2.4,254.183,84.68,8.2,7.7,10.2,2.4,1.451,2.5,0.6,0.013,0.009,0.4,0.9,2.5,0.6,331800,-7.3,-1.8,18700,-6100,12.7,6,-7,-1.8,4.597,-0.4,-0.1,-0.019,-0.005,1.5,-0.4,-0.4,-0.1,13728.357,4.2,1,623.938,142.09,9.5,4.8,4.2,1
2018Q2,2.7,0,-4.2,0,-97.7,-60.9,2,42.1,10.5,0.4,0.2,0.7,25,52.4,11.1,2.71188703,0.809895657,0.497692577,42.6,125,22.5,3.2,0.7,0.4,103.33928,-4.8,-1.2,0.81867,-1.25565,4.6,0.8,-4.7,-1.2,3561.592,2.2,0.5,226.621,19.18,8.2,6.8,2.2,0.5,1.461,2.7,0.7,0.029,0.01,0.4,2,2.8,0.7,315600,-20,-5,-2600,-16200,12.7,-0.8,-18.1,-4.9,4.592,-0.4,-0.1,-0.019,-0.005,1.5,-0.4,-0.4,-0.1,13939.828,6.1,1.5,727.327,211.471,9.5,5.5,6.3,1.5
2018Q3,3.3,1,0.6,43.5,123.2,22.2,2,0,0,0.5,0,0.7,33.3,0,0,2.640939652,0.674014537,-0.070947378,34.3,-10.1,-2.6,3.4,1,0.2,103.69309,1.4,0.3,0.46443,0.35381,4.6,0.4,1.4,0.3,3683.981,13.5,3.4,282.166,122.389,8.2,8.3,14.5,3.4,1.462,0.3,0.1,0.027,0.001,0.4,1.9,0.3,0.1,330900,18.9,4.7,10400,15300,12.7,3.2,20.8,4.8,4.587,-0.4,-0.1,-0.02,-0.005,1.5,-0.4,-0.4,-0.1,14114.559,5,1.2,769.506,174.731,9.6,5.8,5.1,1.3
2018Q4,2.8,-0.9,-0.5,-24.3,-48.2,-15.2,1.9,-20.5,-5.1,0.2,-0.1,0.6,11.8,-18.5,-5,2.20313142,0.085573995,-0.437808232,4,-51.6,-16.6,2.6,-0.3,-0.8,105.15026,5.6,1.4,2.26939,1.45717,4.7,2.2,5.7,1.4,3725.234,4.5,1.1,267.502,41.253,8.2,7.7,4.6,1.1,1.462,0,0,0.02,0,0.4,1.4,0,0,322800,-9.9,-2.5,-15100,-8100,12.7,-4.5,-9.4,-2.4,4.582,-0.4,-0.1,-0.02,-0.005,1.5,-0.4,-0.4,-0.1,14211.92,2.7,0.7,625.653,97.361,9.6,4.6,2.8,0.7
2019Q1,4.5,-2.4,1.7,-34.8,567.1,60.7,1.6,-68.7,-17.2,-0.2,-0.3,0.5,-11.1,-49.7,-15.8,1.644936041,-0.569258412,-0.558195379,-25.7,-68.9,-25.3,2.5,-0.3,-0.1,104.40334,-2.9,-0.7,-0.19159,-0.74692,4.6,-0.2,-2.8,-0.7,3783.364,6.2,1.5,240.952,58.13,8.2,6.8,6.4,1.6,1.458,-1.1,-0.3,0.007,-0.004,0.4,0.5,-1.1,-0.3,313000,-12.3,-3.1,-18800,-9800,12.7,-5.7,-11.6,-3,4.577,-0.4,-0.1,-0.02,-0.005,1.5,-0.4,-0.4,-0.1,14266.25,1.5,0.4,537.893,54.33,9.6,3.9,1.5,0.4
2019Q2,2.4,-0.3,-2.1,-11.1,-91.9,-46.7,1.6,0,0,-0.4,0,0.5,-20,0,0,1.811375598,-0.900511432,0.166439557,-33.2,47,10.1,2.6,-0.6,0.1,103.2006,-4.6,-1.2,-0.13868,-1.20274,4.6,-0.1,-4.5,-1.2,3749.471,-3.6,-0.9,187.879,-33.893,8.2,5.3,-3.5,-0.9,1.457,-0.3,-0.1,-0.004,-0.001,0.4,-0.3,-0.3,-0.1,322500,12,3,6900,9500,12.7,2.2,12.7,3,4.572,-0.4,-0.1,-0.02,-0.005,1.5,-0.4,-0.4,-0.1,14511.176,6.8,1.7,571.348,244.926,9.6,4.1,7,1.7